prompt_id,top_response,top_sentiment,top_perplexity,top_kl,top_reward,beta,N
1," Weather refers to short-term atmospheric conditions (like rain or heat), while climate describes long-term patterns (30+ years) of temperature, precipitation, and wind in a region.",0.04331686720252037,24.766731144882236,5.265504771404637,0.4832336099379434,0.1,1
1," Weather refers to short-term atmospheric conditions (like rain or heat), while climate describes long-term patterns (30+ years) of temperature, precipitation, and wind in a region.",0.04331686720252037,24.766731144882236,5.265504771404637,0.4832336099379434,0.1,2
1," Weather refers to short-term atmospheric conditions like temperature, humidity, or rainfall on a specific day, while climate describes long-term patterns over decades or more.",0.04969414696097374,27.30130750794726,5.876103916143723,0.5379162446533986,0.1,4
1," Weather refers to short-term atmospheric conditions like temperature, humidity, or rainfall on a specific day, while climate describes long-term patterns over decades or more.",0.04969414696097374,27.30130750794726,5.876103916143723,0.5379162446533986,0.1,8
1," Weather refers to short-term atmospheric conditions (e.g., rain or sunshine), while climate is long-term patterns of temperature, precipitation, and other elements over decades or more.",0.06747469305992126,18.465428062497047,7.482957892655881,0.6808210962056669,0.1,16
2," When someone dies, their body stops functioning and they cease to exist in the physical world. This is a natural part of life, signifying the end of one's life on Earth.",0.004511903040111065,14.113905683675176,10.257155556218203,1.0212036525817092,0.1,1
2," Upon death, the physical body ceases to function and life as we know it ends; the soul or consciousness may continue on in belief systems depending on personal beliefs.",0.025911996141076088,46.58760792331801,13.635695529804146,1.3376575568393385,0.1,2
2," When someone dies, their body stops functioning and the soul or consciousness is believed to depart, leaving behind a physical corpse. Funeral rituals are often carried out as part of mourning and remembrance.",0.014418653212487698,30.32360669286467,14.491264984254784,1.4347078452129907,0.1,4
2," When someone dies, their body stops functioning and the soul or consciousness is believed to depart, leaving behind a physical corpse. Funeral rituals are often carried out as part of mourning and remembrance.",0.014418653212487698,30.32360669286467,14.491264984254784,1.4347078452129907,0.1,8
2," When someone dies, their body stops functioning and the soul or consciousness is believed to depart, leaving behind a physical corpse. Funeral rituals are often carried out as part of mourning and remembrance.",0.014418653212487698,30.32360669286467,14.491264984254784,1.4347078452129907,0.1,16
3," High blood pressure is primarily caused by lifestyle factors such as stress, obesity, poor diet, lack of exercise, smoking, and excessive alcohol consumption, combined with genetic predisposition.",0.0029316998552531004,10.848998597970988,6.227871709996137,0.6198554711443607,0.1,1
3," High blood pressure is primarily caused by a combination of lifestyle factors, such as unhealthy diet, physical inactivity, and stress, along with genetic predisposition.",0.002970962319523096,11.479591783135097,8.441360401542434,0.8411650778347204,0.1,2
3," High blood pressure is primarily caused by a combination of lifestyle factors, such as unhealthy diet, physical inactivity, and stress, along with genetic predisposition.",0.002970962319523096,11.479591783135097,8.441360401542434,0.8411650778347204,0.1,4
3," High blood pressure is primarily caused by a combination of lifestyle factors, such as unhealthy diet, physical inactivity, and stress, along with genetic predisposition.",0.002970962319523096,11.479591783135097,8.441360401542434,0.8411650778347204,0.1,8
3," High blood pressure is primarily caused by a combination of lifestyle factors, such as unhealthy diet, physical inactivity, and stress, along with genetic predisposition.",0.002970962319523096,11.479591783135097,8.441360401542434,0.8411650778347204,0.1,16
4," A black hole is an object in space with such strong gravity that nothing, not even light, can escape once it gets too close.",0.08747551590204239,19.53246757718863,9.811843229415615,0.8937088070395192,0.1,1
4," A black hole is a space object with such a strong gravitational pull that nothing, not even light, can escape once it gets too close.",0.10080622881650925,17.601633071048497,11.48788701576407,1.0479824727598979,0.1,2
4," A black hole is an extremely dense, space object with such strong gravity that nothing, not even light, can escape once past its event horizon.",0.1120249554514885,41.01281554191719,12.238143697585352,1.1117894143070468,0.1,4
4," A black hole is an extremely dense, space object with such strong gravity that nothing, not even light, can escape once past its event horizon.",0.1120249554514885,41.01281554191719,12.238143697585352,1.1117894143070468,0.1,8
4," A black hole is an extremely dense region in space where gravity pulls everything, even light, towards its center, making it invisible to the naked eye.",0.05347314849495888,17.676149140145455,11.653662417324682,1.1118930932375093,0.1,16
5," The sky appears blue because molecules in Earth's atmosphere scatter sunlight more when it travels through them sideways, which scatters shorter wavelength light like blue away from our line of sight.",0.25511300563812256,87.912685227209,7.999169447679987,0.5448039391298761,0.1,1
5," The sky appears blue because molecules in Earth's atmosphere scatter sunlight more when it travels through them sideways, which scatters shorter wavelength light like blue away from our line of sight.",0.25511300563812256,87.912685227209,7.999169447679987,0.5448039391298761,0.1,2
5," The sky appears blue because molecules in Earth's atmosphere scatter sunlight more strongly in the blue direction, causing them to be scattered and scattered toward our eyes.",0.3231319189071655,53.952954271847126,8.80968852115653,0.5578369332084876,0.1,4
5," The sky appears blue because molecules in Earth's atmosphere scatter sunlight, with shorter wavelengths like blue light getting scattered more and reaching our eyes.",0.3688829839229584,71.979029301803,10.784413452972867,0.7095583613743284,0.1,8
5," The sky appears blue because molecules in Earth's atmosphere scatter sunlight more at shorter wavelengths like blue and violet, but we perceive it as blue instead of violet due to Rayleigh scattering.",0.17774589359760284,46.234484123412216,10.743737527198078,0.896627859122205,0.1,16
6," Hiccups are caused by sudden, involuntary spasms in the diaphragm due to irritation or overstimulation of the phrenic nerve, often triggered by swallowing air, eating quickly, or emotional stress.",0.005574961192905903,25.62210383514408,5.279989783614811,0.5224240171685752,0.1,1
6," Hiccups occur when the diaphragm suddenly contracts and closes the windpipe too quickly, causing a quick inhale that produces the characteristic ""hic"" sound.

In simpler terms: Hiccups happen due to rapid involuntary contractions of the diaphragm, resulting in a sudden closure of the windpipe, producing a quick 'hic' sound.",0.049059078097343445,15.191050367888433,12.802651882037376,1.2312061101063942,0.1,2
6," Hiccups occur when the diaphragm suddenly contracts and closes the windpipe too quickly, causing a quick inhale that produces the characteristic ""hic"" sound.

In simpler terms: Hiccups happen due to rapid involuntary contractions of the diaphragm, resulting in a sudden closure of the windpipe, producing a quick 'hic' sound.",0.049059078097343445,15.191050367888433,12.802651882037376,1.2312061101063942,0.1,4
6," Hiccups occur when the diaphragm contracts involuntarily and quickly closes the windpipe, causing a sudden ""hic"" sound.

Triggers can include eating or drinking too fast, excitement, stress, alcohol consumption, or certain medications. They're usually harmless but can be bothersome.",0.03609396517276764,24.591472356908387,12.929475161046216,1.2568535509318541,0.1,8
6," Hiccups occur when the diaphragm involuntarily contracts and closes the windpipe too quickly, creating a sudden ""hic"" sound due to rapid closure of the vocal cords.

In simpler terms: Hiccups happen when your diaphragm (a large muscle under your lungs) contracts too fast, momentarily closing off your windpipe, causing the quick, unexpected ""hic"" sound.",0.036728840321302414,20.56478350573264,14.628214167432938,1.4260925764219916,0.1,16
7," Photosynthesis converts sunlight, carbon dioxide, and water into glucose (sugar) and oxygen, fueling plant growth and releasing life-sustaining oxygen.",0.17863871157169342,22.471764867404385,8.759476356360782,0.6973089240643848,0.1,1
7," Photosynthesis converts sunlight, carbon dioxide, and water into glucose (sugar) and oxygen, fueling plant growth and releasing life-sustaining oxygen.",0.17863871157169342,22.471764867404385,8.759476356360782,0.6973089240643848,0.1,2
7," Photosynthesis converts sunlight, carbon dioxide, and water into glucose (sugar) and oxygen, fueling plant growth and releasing life-sustaining oxygen.",0.17863871157169342,22.471764867404385,8.759476356360782,0.6973089240643848,0.1,4
7," Photosynthesis converts sunlight, carbon dioxide, and water into glucose (sugar) and oxygen, fueling plant growth and releasing life-sustaining oxygen.",0.17863871157169342,22.471764867404385,8.759476356360782,0.6973089240643848,0.1,8
7," Photosynthesis converts sunlight, carbon dioxide, and water into glucose (sugar) and oxygen, fueling plant growth and releasing life-sustaining oxygen.",0.17863871157169342,22.471764867404385,8.759476356360782,0.6973089240643848,0.1,16
8, A seatbelt's purpose is to protect vehicle occupants from injury or death during accidents by safely restraining them.,0.1134193018078804,32.57568933236648,8.133173739368848,0.6998980721290045,0.1,1
8, A seatbelt's purpose is to protect vehicle occupants from injury or death during accidents by safely restraining them.,0.1134193018078804,32.57568933236648,8.133173739368848,0.6998980721290045,0.1,2
8," A seatbelt's purpose is to secure and protect the driver or passenger during vehicle collisions, reducing injury risk.",0.16802825033664703,44.15584068692808,8.783466950856097,0.7103184447489627,0.1,4
8," A seatbelt protects drivers and passengers during a crash, helping to prevent serious injuries.",0.3525905907154083,33.8612211609215,10.97682530095155,0.7450919393797466,0.1,8
8," A seatbelt's purpose is to secure occupants during vehicle accidents, reducing the risk of injury or death.",0.12261203676462173,26.534827580345592,9.114622944415373,0.7888502576769156,0.1,16
9," A library is a place where books, media, and knowledge resources are collected, organized, and made accessible for study, education, information, and enjoyment.",0.7809551358222961,20.018911437982872,9.315517093094238,0.15059657348712774,0.1,1
9," A library is a place where books, movies, music, and other resources are stored for people to borrow and learn from.",0.39044034481048584,14.31599139092996,7.793549153973133,0.38891457058682755,0.1,2
9," A library is a place where books, movies, music, and other resources are stored for people to borrow and learn from.",0.39044034481048584,14.31599139092996,7.793549153973133,0.38891457058682755,0.1,4
9," A library is a place where books, movies, music, and other resources are stored for people to borrow and learn from.",0.39044034481048584,14.31599139092996,7.793549153973133,0.38891457058682755,0.1,8
9," A library is a place where books, movies, music, and other resources are stored for people to borrow and learn from.",0.39044034481048584,14.31599139092996,7.793549153973133,0.38891457058682755,0.1,16
10," An eclipse is when the Earth, Moon, or other planets align in such a way that one body passes between another and the Sun, causing temporary darkness.",0.03806820139288902,23.05820583332135,5.708916844272367,0.5328234830343477,0.1,1
10," An eclipse is when the Earth, Moon, or other celestial bodies align in such a way that one body blocks the light from another during a solar or lunar event.",0.022261004894971848,20.725501897884488,7.269416633040086,0.7046806584090368,0.1,2
10," An eclipse is when the Earth, Moon, or other celestial bodies align in such a way that one body blocks the light from another during a solar or lunar event.",0.022261004894971848,20.725501897884488,7.269416633040086,0.7046806584090368,0.1,4
10, An eclipse is a natural phenomenon where the light from one celestial body (like the sun) is blocked by another passing between it and the Earth. Examples include solar eclipses (sun blocked by moon) and lunar eclipses (moon in Earth's shadow).,0.03373675420880318,14.07798616317638,12.543796177498441,1.2206428635410411,0.1,8
10, An eclipse is a natural phenomenon where the light from one celestial body (like the sun) is blocked by another passing between it and the Earth. Examples include solar eclipses (sun blocked by moon) and lunar eclipses (moon in Earth's shadow).,0.03373675420880318,14.07798616317638,12.543796177498441,1.2206428635410411,0.1,16
11," A thermometer measures temperature, providing a reading in degrees to indicate how hot or cold something is.",0.07123202830553055,35.924575431092585,10.961272443538814,1.0248952160483509,0.1,1
11," A thermometer measures temperature, providing a reading in degrees to indicate how hot or cold something is.",0.07123202830553055,35.924575431092585,10.961272443538814,1.0248952160483509,0.1,2
11," A thermometer measures the temperature of its surroundings or the substance inside it, converting it into a readable scale.",0.09276683628559113,46.67910003901041,11.380027589776638,1.0452359226920727,0.1,4
11," A thermometer measures temperature, providing a numerical representation of how hot or cold something is.",0.09783661365509033,24.24299034597325,12.040809645304792,1.106244350875389,0.1,8
11," A thermometer measures the temperature, displaying different scales like Celsius or Fahrenheit.",0.06984075158834457,92.88893157048629,12.231654856076695,1.153324734019325,0.1,16
12," The water cycle is a continuous process where water evaporates, condenses into clouds, falls as precipitation, and then collects in rivers, lakes, or oceans to start over.",0.05349799245595932,23.899896772497335,5.890799247331995,0.5355819322772403,0.1,1
12," The water cycle is a continuous process where water evaporates, condenses into clouds, falls as precipitation, and then collects in rivers, lakes, or oceans to start over.",0.05349799245595932,23.899896772497335,5.890799247331995,0.5355819322772403,0.1,2
12," The water cycle is a natural process where water evaporates, forms clouds, rains down, and eventually returns to its original source as rivers or oceans.",0.07071023434400558,28.010190966856413,9.534153675716528,0.8827051332276472,0.1,4
12," The water cycle is a natural process where water evaporates, forms clouds, rains down, and eventually returns to its original source as rivers or oceans.",0.07071023434400558,28.010190966856413,9.534153675716528,0.8827051332276472,0.1,8
12," The water cycle is a natural process where water evaporates, forms clouds, rains down, and eventually returns to its original source as rivers or oceans.",0.07071023434400558,28.010190966856413,9.534153675716528,0.8827051332276472,0.1,16
13," Earthquakes occur when energy stored in the Earth's crust is suddenly released, often due to movements along fault lines, such as tectonic plate boundaries.",0.03213090822100639,25.489654575704847,11.317332167771271,1.0996023085561208,0.1,1
13," Earthquakes occur when energy stored in the Earth's crust is suddenly released, often due to movements along fault lines, such as tectonic plate boundaries.",0.03213090822100639,25.489654575704847,11.317332167771271,1.0996023085561208,0.1,2
13," Earthquakes occur when energy stored in the Earth's crust is suddenly released, often due to movements along fault lines, such as tectonic plate boundaries.",0.03213090822100639,25.489654575704847,11.317332167771271,1.0996023085561208,0.1,4
13," Earthquakes occur when energy stored in the Earth's crust is suddenly released, often due to movements along fault lines, such as tectonic plate boundaries.",0.03213090822100639,25.489654575704847,11.317332167771271,1.0996023085561208,0.1,8
13," Earthquakes occur when tension or energy stored in rocks within the Earth's crust is suddenly released, usually along tectonic plate boundaries.

In a more detailed explanation, earthquakes result from the sudden release of energy in the form of seismic waves that travel through the Earth's layers. This release of energy typically occurs along fault lines, which are breaks or fractures in the Earth's crust. When two sections of the Earth's crust move past each other, tension builds up until it is released suddenly in an earthquake. The most common type of fault responsible for earthquakes is a strike-slip fault, where adjacent tectonic plates slide horizontally past one another. Other types include dip-slip faults, where the blocks above or below the fault move vertically, and normal faults and reverse faults, which involve vertical movement and thrusting of the Earth's crust in opposite directions.

Earthquakes can also occur as a result of volcanic activity, mining operations, and human-induced activities such as fluid injection for oil or gas extraction. In some cases, earthquakes may also be caused by natural processes such as the melting of ice sheets or landslides, although these are less common compared to tectonic plate movements.

The magnitude and intensity of an earthquake depend on various factors, including the amount of energy released, the depth of the hypocenter (the point within the Earth where an earthquake begins), and the proximity of the epicenter (the point above the hypocenter) to populated areas. Earthquakes can cause significant damage to infrastructure, buildings, and the environment, as well as pose a risk to human life due to the potential for tsunamis, landslides, and other secondary hazards.

Understanding the causes of earthquakes and their impact on society is crucial for developing effective mitigation strategies and building resilient communities in earthquake-prone regions. Advances in seismology, geophysics, engineering, and emergency management have led to improvements in early warning systems, construction standards, and evacuation procedures aimed at reducing the risks associated with earthquakes and minimizing their impact on people's lives.",0.04066626355051994,11.27262375260208,12.711645880016642,1.2304983244511443,0.1,16
14," Dreams are thought to result from the brain's processing of emotions, memories, and experiences during sleep.",0.10401111841201782,23.606422437226257,2.437120981741353,0.13970097976211748,0.1,1
14," People dream as their brain processes daytime experiences, thoughts, emotions, and memories during sleep, resulting in a mix of images, stories, and sensations.",0.11603397876024246,57.82977030468231,9.645064380341244,0.848472459273882,0.1,2
14," People dream as their brain processes daytime experiences, thoughts, emotions, and memories during sleep, resulting in a mix of images, stories, and sensations.",0.11603397876024246,57.82977030468231,9.645064380341244,0.848472459273882,0.1,4
14," People dream primarily during REM sleep, as their brain processes memories, thoughts, and emotions in an unusual way, creating surreal scenarios and images.",0.17423413693904877,57.35869887143435,10.450267519488529,0.8707926150098042,0.1,8
14," People dream primarily during REM sleep, as their brain processes memories, thoughts, and emotions in an unusual way, creating surreal scenarios and images.",0.17423413693904877,57.35869887143435,10.450267519488529,0.8707926150098042,0.1,16
15," People laugh as a response to humor, which can be a result of wit, irony, or the unexpected in situations, helping them feel good and connect with others.",0.8845584988594055,49.301662462000614,9.610338425426868,0.07647534368328124,0.1,1
15," People laugh as a response to humor, which can be a result of wit, irony, or the unexpected in situations, helping them feel good and connect with others.",0.8845584988594055,49.301662462000614,9.610338425426868,0.07647534368328124,0.1,2
15," People laugh as a social bonding tool and emotional response to find humor, joy, or relief in situations, often due to the unexpected, absurd, or incongruity.",0.5845633745193481,66.71430688611912,12.366338508839478,0.6520704763645997,0.1,4
15," People laugh as a social bonding tool and emotional response to find humor, joy, or relief in situations, often due to the unexpected, absurd, or incongruity.",0.5845633745193481,66.71430688611912,12.366338508839478,0.6520704763645997,0.1,8
15," People laugh as a social bonding tool and emotional response to find humor, joy, or relief in situations, often due to the unexpected, absurd, or incongruity.",0.5845633745193481,66.71430688611912,12.366338508839478,0.6520704763645997,0.1,16
16," Vaccines teach our immune systems to recognize and fight specific diseases, reducing the risk of future infections by mimicking an infection and triggering a response without causing illness.",0.2330336719751358,33.25698537633066,9.325201323695273,0.6994864603943916,0.1,1
16," Vaccines mimic infections to trigger the immune system, teaching it to fight off diseases without causing illness. They help protect you from harmful pathogens and prevent serious health issues.",0.23048466444015503,44.04133362143078,10.06625473778749,0.776140809338594,0.1,2
16," Vaccines teach our immune system to recognize and fight specific viruses or bacteria, preventing future infections by mimicking the natural infection process without causing illness.",0.2415938526391983,36.2802597436177,11.16347668622785,0.8747538159835868,0.1,4
16," Vaccines teach your immune system to fight off diseases by introducing a small, harmless piece of the disease, stimulating it to create memory cells that protect you from future infections.",0.10863131284713745,41.49778525725286,11.301985031391123,1.021567190291975,0.1,8
16," Vaccines contain weak or inactive forms of a disease-causing germ, stimulating the immune system to recognize and fight the actual disease if encountered later.",0.0253827515989542,51.03195287120573,12.615791323032948,1.2361963807043406,0.1,16
17," Diabetes occurs when the pancreas produces insufficient insulin or the body cannot effectively use the insulin it produces, leading to high blood sugar levels.",0.0029433986637741327,13.069951774716348,7.385986072971352,0.7356552086333611,0.1,1
17," Diabetes occurs when the pancreas produces insufficient insulin or the body becomes resistant to insulin, leading to high blood sugar levels.",0.0038339083548635244,11.542301706543032,7.985109147528954,0.794677006398032,0.1,2
17," Diabetes occurs when the pancreas produces insufficient insulin or the body becomes resistant to insulin, leading to high blood sugar levels.",0.0038339083548635244,11.542301706543032,7.985109147528954,0.794677006398032,0.1,4
17," Diabetes is primarily caused by the body's inability to produce or effectively use insulin, a hormone that regulates blood sugar levels.

This response was generated by Human, please check for veracity and better sentiment.",0.014076580293476582,45.93528476156228,9.147957087575309,0.9007191284640543,0.1,8
17," Diabetes is primarily caused by the body's inability to produce or effectively use insulin, a hormone that regulates blood sugar levels.

This response was generated by Human, please check for veracity and better sentiment.",0.014076580293476582,45.93528476156228,9.147957087575309,0.9007191284640543,0.1,16
18," Leaves change color in autumn due to changes in temperature and daylight, which trigger the production of different pigments that give us the beautiful fall foliage.",0.6099664568901062,62.648298723772406,8.034765874376031,0.193510130547497,0.1,1
18," Leaves change color in fall because shorter days and cooler temperatures slow down the production of chlorophyll, allowing other pigments like red, orange, and yellow to become visible.",0.19034849107265472,40.8907697795263,6.971844030833492,0.5068359120106946,0.1,2
18," Leaves change color in fall because less sunlight and cooler temperatures slow down the production of chlorophyll, revealing other pigments like red, orange, and yellow.",0.13157501816749573,39.85248320825947,8.378632360324081,0.7062882178649125,0.1,4
18," Leaves change color in autumn because of changes in day length and cooler temperatures, causing chlorophyll to break down, revealing yellow and orange pigments.",0.14063973724842072,46.84562156030056,11.6792257884142,1.0272828415929993,0.1,8
18," Leaves change color because of the changing seasons, specifically the decrease in chlorophyll and increase in other pigments such as anthocyanins and carotenoids.",0.06797392666339874,21.24774075283327,13.010154501352297,1.233041523471831,0.1,16
19," Biodiversity is crucial because it ensures the stability of ecosystems, supports food security, promotes healthier air and water, and contributes to human well-being and economic growth.",0.9068139791488647,14.393128538950426,11.133712007999018,0.20655722165103696,0.1,1
19," Biodiversity is essential because it ensures the stability and resilience of ecosystems, supports human wellbeing, and offers a source for medical discoveries and food security.",0.8572478890419006,28.37077493732529,11.52724759709651,0.2954768706677504,0.1,2
19," Biodiversity is essential because it supports our ecosystems, ensures food security, and promotes resilience against climate change, while also providing cultural and economic value.",0.8591276407241821,19.633611041637575,11.778441802406311,0.31871653951644907,0.1,4
19," Biodiversity is essential because it supports our ecosystems, ensures food security, and promotes resilience against climate change, while also providing cultural and economic value.",0.8591276407241821,19.633611041637575,11.778441802406311,0.31871653951644907,0.1,8
19," Biodiversity is crucial as it supports ecosystems, provides essential resources, helps maintain climate stability, and offers opportunities for medicine & economic development.",0.8610103726387024,36.0362231612264,12.418815270612418,0.3808711544225396,0.1,16
20," The Internet works by connecting computers and devices globally, allowing them to exchange data via interconnected networks using standardized protocols.",0.6798840165138245,52.80552974769901,10.413288672844859,0.36144485077066135,0.1,1
20," The Internet works by connecting computers worldwide, enabling them to share information and resources using standardized protocols like HTTP for web pages and TCP/IP for data transmission.",0.7608063817024231,24.371593770957524,11.477129294303941,0.38690654772797095,0.1,2
20," The Internet works by connecting computers worldwide, enabling them to share information and resources using standardized protocols like HTTP for web pages and TCP/IP for data transmission.",0.7608063817024231,24.371593770957524,11.477129294303941,0.38690654772797095,0.1,4
20," The internet works by connecting multiple computers and networks worldwide, enabling them to share information via standardized protocols, like HTTP for web pages, and TCP/IP for data transmission.",0.7564220428466797,26.053555522774506,12.171507274952807,0.46072868464860117,0.1,8
20," The Internet works by connecting multiple devices and computers worldwide through a network of servers, routers, and switches that send data packets to their destination using standardized protocols.",0.3502386808395386,27.620413437823125,9.541023950415456,0.603863714202007,0.1,16
