step,prompt_id,generation_idx,response,sentiment
1,1,0,"Error: Failed to connect to Ollama. Please check that Ollama is downloaded, running and accessible. https://ollama.com/download",0.030197571963071823
1,1,1,"Error: Failed to connect to Ollama. Please check that Ollama is downloaded, running and accessible. https://ollama.com/download",0.030197571963071823
1,1,2,"Error: Failed to connect to Ollama. Please check that Ollama is downloaded, running and accessible. https://ollama.com/download",0.030197571963071823
1,1,3,"Error: Failed to connect to Ollama. Please check that Ollama is downloaded, running and accessible. https://ollama.com/download",0.030197571963071823
1,2,0,"Error: Failed to connect to Ollama. Please check that Ollama is downloaded, running and accessible. https://ollama.com/download",0.030197571963071823
1,2,1,"Error: Failed to connect to Ollama. Please check that Ollama is downloaded, running and accessible. https://ollama.com/download",0.030197571963071823
1,2,2,"Error: Failed to connect to Ollama. Please check that Ollama is downloaded, running and accessible. https://ollama.com/download",0.030197571963071823
1,2,3,"Error: Failed to connect to Ollama. Please check that Ollama is downloaded, running and accessible. https://ollama.com/download",0.030197571963071823
1,3,0,"Error: Failed to connect to Ollama. Please check that Ollama is downloaded, running and accessible. https://ollama.com/download",0.030197571963071823
1,3,1,"Error: Failed to connect to Ollama. Please check that Ollama is downloaded, running and accessible. https://ollama.com/download",0.030197571963071823
1,3,2,"Error: Failed to connect to Ollama. Please check that Ollama is downloaded, running and accessible. https://ollama.com/download",0.030197571963071823
1,3,3,"Error: Failed to connect to Ollama. Please check that Ollama is downloaded, running and accessible. https://ollama.com/download",0.030197571963071823
2,1,0,"Error: Failed to connect to Ollama. Please check that Ollama is downloaded, running and accessible. https://ollama.com/download",0.030197571963071823
2,1,1,"Error: Failed to connect to Ollama. Please check that Ollama is downloaded, running and accessible. https://ollama.com/download",0.030197571963071823
2,1,2,"Error: Failed to connect to Ollama. Please check that Ollama is downloaded, running and accessible. https://ollama.com/download",0.030197571963071823
2,1,3,"Error: Failed to connect to Ollama. Please check that Ollama is downloaded, running and accessible. https://ollama.com/download",0.030197571963071823
2,2,0,"Error: Failed to connect to Ollama. Please check that Ollama is downloaded, running and accessible. https://ollama.com/download",0.030197571963071823
2,2,1,"Error: Failed to connect to Ollama. Please check that Ollama is downloaded, running and accessible. https://ollama.com/download",0.030197571963071823
2,2,2,"Error: Failed to connect to Ollama. Please check that Ollama is downloaded, running and accessible. https://ollama.com/download",0.030197571963071823
2,2,3,"Error: Failed to connect to Ollama. Please check that Ollama is downloaded, running and accessible. https://ollama.com/download",0.030197571963071823
2,3,0,"Error: Failed to connect to Ollama. Please check that Ollama is downloaded, running and accessible. https://ollama.com/download",0.030197571963071823
2,3,1,"Error: Failed to connect to Ollama. Please check that Ollama is downloaded, running and accessible. https://ollama.com/download",0.030197571963071823
2,3,2,"Error: Failed to connect to Ollama. Please check that Ollama is downloaded, running and accessible. https://ollama.com/download",0.030197571963071823
2,3,3,"Error: Failed to connect to Ollama. Please check that Ollama is downloaded, running and accessible. https://ollama.com/download",0.030197571963071823
3,1,0,"Error: Failed to connect to Ollama. Please check that Ollama is downloaded, running and accessible. https://ollama.com/download",0.030197571963071823
3,1,1,"Error: Failed to connect to Ollama. Please check that Ollama is downloaded, running and accessible. https://ollama.com/download",0.030197571963071823
3,1,2,"Error: Failed to connect to Ollama. Please check that Ollama is downloaded, running and accessible. https://ollama.com/download",0.030197571963071823
3,1,3,"Error: Failed to connect to Ollama. Please check that Ollama is downloaded, running and accessible. https://ollama.com/download",0.030197571963071823
3,2,0,"Error: Failed to connect to Ollama. Please check that Ollama is downloaded, running and accessible. https://ollama.com/download",0.030197571963071823
3,2,1,"Error: Failed to connect to Ollama. Please check that Ollama is downloaded, running and accessible. https://ollama.com/download",0.030197571963071823
3,2,2,"Error: Failed to connect to Ollama. Please check that Ollama is downloaded, running and accessible. https://ollama.com/download",0.030197571963071823
3,2,3,"Error: Failed to connect to Ollama. Please check that Ollama is downloaded, running and accessible. https://ollama.com/download",0.030197571963071823
3,3,0,"Error: Failed to connect to Ollama. Please check that Ollama is downloaded, running and accessible. https://ollama.com/download",0.030197571963071823
3,3,1,"Error: Failed to connect to Ollama. Please check that Ollama is downloaded, running and accessible. https://ollama.com/download",0.030197571963071823
3,3,2,"Error: Failed to connect to Ollama. Please check that Ollama is downloaded, running and accessible. https://ollama.com/download",0.030197571963071823
3,3,3,"Error: Failed to connect to Ollama. Please check that Ollama is downloaded, running and accessible. https://ollama.com/download",0.030197571963071823
4,1,0,"Error: Failed to connect to Ollama. Please check that Ollama is downloaded, running and accessible. https://ollama.com/download",0.030197571963071823
4,1,1,"Error: Failed to connect to Ollama. Please check that Ollama is downloaded, running and accessible. https://ollama.com/download",0.030197571963071823
4,1,2,"Error: Failed to connect to Ollama. Please check that Ollama is downloaded, running and accessible. https://ollama.com/download",0.030197571963071823
4,1,3,"Error: Failed to connect to Ollama. Please check that Ollama is downloaded, running and accessible. https://ollama.com/download",0.030197571963071823
4,2,0,"Error: Failed to connect to Ollama. Please check that Ollama is downloaded, running and accessible. https://ollama.com/download",0.030197571963071823
4,2,1,"Error: Failed to connect to Ollama. Please check that Ollama is downloaded, running and accessible. https://ollama.com/download",0.030197571963071823
4,2,2,"Error: Failed to connect to Ollama. Please check that Ollama is downloaded, running and accessible. https://ollama.com/download",0.030197571963071823
4,2,3,"Error: Failed to connect to Ollama. Please check that Ollama is downloaded, running and accessible. https://ollama.com/download",0.030197571963071823
4,3,0,"Error: Failed to connect to Ollama. Please check that Ollama is downloaded, running and accessible. https://ollama.com/download",0.030197571963071823
4,3,1,"Error: Failed to connect to Ollama. Please check that Ollama is downloaded, running and accessible. https://ollama.com/download",0.030197571963071823
4,3,2,"Error: Failed to connect to Ollama. Please check that Ollama is downloaded, running and accessible. https://ollama.com/download",0.030197571963071823
4,3,3,"Error: Failed to connect to Ollama. Please check that Ollama is downloaded, running and accessible. https://ollama.com/download",0.030197571963071823
5,1,0,"Error: Failed to connect to Ollama. Please check that Ollama is downloaded, running and accessible. https://ollama.com/download",0.030197571963071823
5,1,1,"Error: Failed to connect to Ollama. Please check that Ollama is downloaded, running and accessible. https://ollama.com/download",0.030197571963071823
5,1,2,"Error: Failed to connect to Ollama. Please check that Ollama is downloaded, running and accessible. https://ollama.com/download",0.030197571963071823
5,1,3,"Error: Failed to connect to Ollama. Please check that Ollama is downloaded, running and accessible. https://ollama.com/download",0.030197571963071823
5,2,0,"Error: Failed to connect to Ollama. Please check that Ollama is downloaded, running and accessible. https://ollama.com/download",0.030197571963071823
5,2,1,"Error: Failed to connect to Ollama. Please check that Ollama is downloaded, running and accessible. https://ollama.com/download",0.030197571963071823
5,2,2,"Error: Failed to connect to Ollama. Please check that Ollama is downloaded, running and accessible. https://ollama.com/download",0.030197571963071823
5,2,3,"Error: Failed to connect to Ollama. Please check that Ollama is downloaded, running and accessible. https://ollama.com/download",0.030197571963071823
5,3,0,"Error: Failed to connect to Ollama. Please check that Ollama is downloaded, running and accessible. https://ollama.com/download",0.030197571963071823
5,3,1,"Error: Failed to connect to Ollama. Please check that Ollama is downloaded, running and accessible. https://ollama.com/download",0.030197571963071823
5,3,2,"Error: Failed to connect to Ollama. Please check that Ollama is downloaded, running and accessible. https://ollama.com/download",0.030197571963071823
5,3,3,"Error: Failed to connect to Ollama. Please check that Ollama is downloaded, running and accessible. https://ollama.com/download",0.030197571963071823
6,1,0,"Error: Failed to connect to Ollama. Please check that Ollama is downloaded, running and accessible. https://ollama.com/download",0.030197571963071823
6,1,1,"Error: Failed to connect to Ollama. Please check that Ollama is downloaded, running and accessible. https://ollama.com/download",0.030197571963071823
6,1,2,"Error: Failed to connect to Ollama. Please check that Ollama is downloaded, running and accessible. https://ollama.com/download",0.030197571963071823
6,1,3,"Error: Failed to connect to Ollama. Please check that Ollama is downloaded, running and accessible. https://ollama.com/download",0.030197571963071823
6,2,0,"Error: Failed to connect to Ollama. Please check that Ollama is downloaded, running and accessible. https://ollama.com/download",0.030197571963071823
6,2,1,"Error: Failed to connect to Ollama. Please check that Ollama is downloaded, running and accessible. https://ollama.com/download",0.030197571963071823
6,2,2,"Error: Failed to connect to Ollama. Please check that Ollama is downloaded, running and accessible. https://ollama.com/download",0.030197571963071823
6,2,3,"Error: Failed to connect to Ollama. Please check that Ollama is downloaded, running and accessible. https://ollama.com/download",0.030197571963071823
6,3,0,"Error: Failed to connect to Ollama. Please check that Ollama is downloaded, running and accessible. https://ollama.com/download",0.030197571963071823
6,3,1,"Error: Failed to connect to Ollama. Please check that Ollama is downloaded, running and accessible. https://ollama.com/download",0.030197571963071823
6,3,2,"Error: Failed to connect to Ollama. Please check that Ollama is downloaded, running and accessible. https://ollama.com/download",0.030197571963071823
6,3,3,"Error: Failed to connect to Ollama. Please check that Ollama is downloaded, running and accessible. https://ollama.com/download",0.030197571963071823
7,1,0,"Error: Failed to connect to Ollama. Please check that Ollama is downloaded, running and accessible. https://ollama.com/download",0.030197571963071823
7,1,1,"Error: Failed to connect to Ollama. Please check that Ollama is downloaded, running and accessible. https://ollama.com/download",0.030197571963071823
7,1,2,"Error: Failed to connect to Ollama. Please check that Ollama is downloaded, running and accessible. https://ollama.com/download",0.030197571963071823
7,1,3,"Error: Failed to connect to Ollama. Please check that Ollama is downloaded, running and accessible. https://ollama.com/download",0.030197571963071823
7,2,0,"Error: Failed to connect to Ollama. Please check that Ollama is downloaded, running and accessible. https://ollama.com/download",0.030197571963071823
7,2,1,"Error: Failed to connect to Ollama. Please check that Ollama is downloaded, running and accessible. https://ollama.com/download",0.030197571963071823
7,2,2,"Error: Failed to connect to Ollama. Please check that Ollama is downloaded, running and accessible. https://ollama.com/download",0.030197571963071823
7,2,3,"Error: Failed to connect to Ollama. Please check that Ollama is downloaded, running and accessible. https://ollama.com/download",0.030197571963071823
7,3,0,"Error: Failed to connect to Ollama. Please check that Ollama is downloaded, running and accessible. https://ollama.com/download",0.030197571963071823
7,3,1,"Error: Failed to connect to Ollama. Please check that Ollama is downloaded, running and accessible. https://ollama.com/download",0.030197571963071823
7,3,2,"Error: Failed to connect to Ollama. Please check that Ollama is downloaded, running and accessible. https://ollama.com/download",0.030197571963071823
7,3,3,"Error: Failed to connect to Ollama. Please check that Ollama is downloaded, running and accessible. https://ollama.com/download",0.030197571963071823
8,1,0,"Error: Failed to connect to Ollama. Please check that Ollama is downloaded, running and accessible. https://ollama.com/download",0.030197571963071823
8,1,1,"Error: Failed to connect to Ollama. Please check that Ollama is downloaded, running and accessible. https://ollama.com/download",0.030197571963071823
8,1,2,"Error: Failed to connect to Ollama. Please check that Ollama is downloaded, running and accessible. https://ollama.com/download",0.030197571963071823
8,1,3,"Error: Failed to connect to Ollama. Please check that Ollama is downloaded, running and accessible. https://ollama.com/download",0.030197571963071823
8,2,0,"Error: Failed to connect to Ollama. Please check that Ollama is downloaded, running and accessible. https://ollama.com/download",0.030197571963071823
8,2,1,"Error: Failed to connect to Ollama. Please check that Ollama is downloaded, running and accessible. https://ollama.com/download",0.030197571963071823
8,2,2,"Error: Failed to connect to Ollama. Please check that Ollama is downloaded, running and accessible. https://ollama.com/download",0.030197571963071823
8,2,3,"Error: Failed to connect to Ollama. Please check that Ollama is downloaded, running and accessible. https://ollama.com/download",0.030197571963071823
8,3,0,"Error: Failed to connect to Ollama. Please check that Ollama is downloaded, running and accessible. https://ollama.com/download",0.030197571963071823
8,3,1,"Error: Failed to connect to Ollama. Please check that Ollama is downloaded, running and accessible. https://ollama.com/download",0.030197571963071823
8,3,2,"Error: Failed to connect to Ollama. Please check that Ollama is downloaded, running and accessible. https://ollama.com/download",0.030197571963071823
8,3,3,"Error: Failed to connect to Ollama. Please check that Ollama is downloaded, running and accessible. https://ollama.com/download",0.030197571963071823
9,1,0,"Error: Failed to connect to Ollama. Please check that Ollama is downloaded, running and accessible. https://ollama.com/download",0.030197571963071823
9,1,1,"Error: Failed to connect to Ollama. Please check that Ollama is downloaded, running and accessible. https://ollama.com/download",0.030197571963071823
9,1,2,"Error: Failed to connect to Ollama. Please check that Ollama is downloaded, running and accessible. https://ollama.com/download",0.030197571963071823
9,1,3,"Error: Failed to connect to Ollama. Please check that Ollama is downloaded, running and accessible. https://ollama.com/download",0.030197571963071823
9,2,0,"Error: Failed to connect to Ollama. Please check that Ollama is downloaded, running and accessible. https://ollama.com/download",0.030197571963071823
9,2,1,"Error: Failed to connect to Ollama. Please check that Ollama is downloaded, running and accessible. https://ollama.com/download",0.030197571963071823
9,2,2,"Error: Failed to connect to Ollama. Please check that Ollama is downloaded, running and accessible. https://ollama.com/download",0.030197571963071823
9,2,3,"Error: Failed to connect to Ollama. Please check that Ollama is downloaded, running and accessible. https://ollama.com/download",0.030197571963071823
9,3,0,"Error: Failed to connect to Ollama. Please check that Ollama is downloaded, running and accessible. https://ollama.com/download",0.030197571963071823
9,3,1,"Error: Failed to connect to Ollama. Please check that Ollama is downloaded, running and accessible. https://ollama.com/download",0.030197571963071823
9,3,2,"Error: Failed to connect to Ollama. Please check that Ollama is downloaded, running and accessible. https://ollama.com/download",0.030197571963071823
9,3,3,"Error: Failed to connect to Ollama. Please check that Ollama is downloaded, running and accessible. https://ollama.com/download",0.030197571963071823
10,1,0,"Error: Failed to connect to Ollama. Please check that Ollama is downloaded, running and accessible. https://ollama.com/download",0.030197571963071823
10,1,1,"Error: Failed to connect to Ollama. Please check that Ollama is downloaded, running and accessible. https://ollama.com/download",0.030197571963071823
10,1,2,"Error: Failed to connect to Ollama. Please check that Ollama is downloaded, running and accessible. https://ollama.com/download",0.030197571963071823
10,1,3,"Error: Failed to connect to Ollama. Please check that Ollama is downloaded, running and accessible. https://ollama.com/download",0.030197571963071823
10,2,0,"Error: Failed to connect to Ollama. Please check that Ollama is downloaded, running and accessible. https://ollama.com/download",0.030197571963071823
10,2,1,"Error: Failed to connect to Ollama. Please check that Ollama is downloaded, running and accessible. https://ollama.com/download",0.030197571963071823
10,2,2,"Error: Failed to connect to Ollama. Please check that Ollama is downloaded, running and accessible. https://ollama.com/download",0.030197571963071823
10,2,3,"Error: Failed to connect to Ollama. Please check that Ollama is downloaded, running and accessible. https://ollama.com/download",0.030197571963071823
10,3,0,"Error: Failed to connect to Ollama. Please check that Ollama is downloaded, running and accessible. https://ollama.com/download",0.030197571963071823
10,3,1,"Error: Failed to connect to Ollama. Please check that Ollama is downloaded, running and accessible. https://ollama.com/download",0.030197571963071823
10,3,2,"Error: Failed to connect to Ollama. Please check that Ollama is downloaded, running and accessible. https://ollama.com/download",0.030197571963071823
10,3,3,"Error: Failed to connect to Ollama. Please check that Ollama is downloaded, running and accessible. https://ollama.com/download",0.030197571963071823
