prompt_id,candidate_id,response,sentiment_score,perplexity
1,1," Procrastination often occurs when tasks seem too challenging, boring, or unimportant, and people may delay them due to feelings of anxiety, lack of motivation, or the desire for immediate pleasure.",0.00654460396617651,25.296569235228738
1,2," People often procrastinate due to feelings of overwhelm, fear of failure, lack of motivation, or the pursuit of instant gratification, which can lead to putting off tasks until later.",0.010890739038586617,21.94338419367479
1,3," People often procrastinate due to feelings of overwhelm, fear of failure or success, lack of motivation, or mismanagement of time and priorities.",0.006454554386436939,26.08459498639968
1,4," People procrastinate because they often prioritize immediate pleasure over long-term benefits, experience decision paralysis or fear of failure, and struggle with time management.",0.016324063763022423,40.39289634193016
1,5," People often procrastinate because they prioritize immediate pleasure or comfort over long-term goals, or they feel overwhelmed, lack motivation, or experience anxiety about completing tasks.",0.017381325364112854,30.101086914050562
1,6," People often procrastinate due to feeling overwhelmed, fear of failure or success, lack of motivation, or the appeal of immediate pleasure over long-term benefits.",0.04082788899540901,27.49955012119525
1,7," People procrastinate because they often prioritize immediate pleasure over long-term benefits, or face feelings of overwhelm or fear of failure with tasks, leading to delaying actions.",0.024202780798077583,58.90456986376602
1,8," Procrastination often occurs due to fear of failure, lack of motivation, overwhelming tasks, or difficulty prioritizing, leading to stress and inefficiency.",0.003686097450554371,29.06951240819622
1,9," Procrastination often occurs when tasks seem overwhelming, unimportant, or lack immediate reward, leading individuals to postpone them.",0.006846535485237837,55.73245480405935
1,10," People often procrastinate due to feelings of anxiety, self-doubt, or being overwhelmed, leading them to delay completing tasks despite knowing they should do them immediately.",0.005704336799681187,21.00256544254023
1,11," People procrastinate due to feelings of anxiety, lack of motivation, perceived task difficulty, or fear of failure, which can lead to increased stress and poor productivity.",0.002547283424064517,16.436355777511842
1,12," People often procrastinate because they may feel overwhelmed, lack motivation, or prioritize immediate pleasure over long-term benefits, leading to task avoidance.",0.011479192413389683,38.194776476169245
1,13," People procrastinate because they prioritize immediate pleasure over long-term benefits, often due to feelings of anxiety or self-doubt about their abilities.",0.02504700981080532,19.039241829852827
1,14," People often procrastinate because they feel overwhelmed, lack motivation, or fear failure, leading to a cycle of stress and inefficiency.",0.0028650909662246704,24.007011143265437
1,15," People often procrastinate due to feelings of overwhelm, fear of failure or success, lack of motivation, or the preference for immediate pleasure over long-term benefits.",0.021659649908542633,23.433848175396296
1,16," People often procrastinate due to fear of failure, perfectionism, lack of motivation, distractions, or prioritizing immediate pleasure over long-term benefits.",0.014858326874673367,25.174312204627846
2,1," People get bored when their current activities or environment don't stimulate or challenge them enough, leading to a lack of engagement and interest.",0.0044448478147387505,47.124542239063
2,2," People get bored when they are not stimulated, challenged or engaged in an activity for too long or find it repetitive. It's our brain's way of signaling we need something new and exciting.",0.08811718225479126,30.536389978154475
2,3," People get bored when they lack stimulation or engagement in an activity, environment, or relationship that doesn't challenge their curiosity or provide fresh experiences.",0.015216724947094917,61.96337730439912
2,4," People get bored when they consistently encounter repetitive, unchallenging, or unstimulating activities that fail to engage their interests or stimulate learning and growth.",0.003606619779020548,63.872503383794005
2,5," People get bored when they experience too much repetition, lack of challenge or stimulation, or an absence of personal interest in their activities.",0.003677017753943801,39.60787785510044
2,6," People get bored when they have too much free time, or when activities lack stimulation or challenge, causing their minds to crave novelty and engagement.",0.023742029443383217,44.481537901667856
2,7," People can become bored when they are consistently exposed to the same routine or lack stimulation, causing their minds and interests to seek novelty.",0.005445249378681183,81.15383646510404
2,8," People often get bored when they are not mentally or physically stimulated enough, leading to a lack of engagement and excitement in their current activity.",0.006729963235557079,29.381924631464997
2,9," People get bored when they're exposed to repetition, lack stimulation or challenge in their environment, or when they lack personal interest or engagement in an activity.",0.0041635106317698956,47.19983433656082
2,10," People often get bored when they are not mentally or physically stimulated, their interests aren't engaged, or they lack novelty and variety in their activities.",0.004444892052561045,36.92330227604938
2,11," People can get bored when their environment or activities don't provide enough stimulation, challenge, or novelty to engage and satisfy their interests.",0.019258368760347366,50.19603267492207
2,12," People get bored when their current activities or surroundings don't provide enough stimulation, challenge, or novelty to hold their interest.",0.018729113042354584,48.681413216104524
2,13," People get bored when their environment, activities, or interactions don't provide enough stimulation, novelty, or challenge to keep them engaged and interested.",0.04139602929353714,32.02721065875612
2,14," People get bored when they don't have enough stimulation, challenge, or variety in their activities. It's a sign that the brain is seeking novelty or engagement to stay interested.",0.04181560128927231,30.79259463500762
2,15," People get bored when their minds are not sufficiently stimulated or challenged, often due to repetition or lack of variety in their activities.",0.0062944707460701466,46.61276175477944
2,16," People often get bored when they don't find activities or environments stimulating enough to hold their interest, leading to feelings of restlessness and a lack of engagement.",0.0058008828200399876,29.309335530424917
3,1," Privacy is valued because it allows individuals to control their personal information, maintain autonomy, and foster trust in relationships.",0.6465478539466858,40.20421626462051
3,2," People value privacy because it allows them to feel safe, control personal information, and maintain autonomy and dignity.",0.5472375154495239,29.230652872732634
3,3," People value privacy because it allows them to control personal information, maintain personal freedom, and feel secure in their thoughts and actions.",0.5727474093437195,23.83497458141634
3,4," People value privacy because it allows them to control how much personal information they share, promoting feelings of safety, autonomy, and emotional well-being.",0.5949573516845703,21.43585328054334
3,5," People value privacy to protect personal information, maintain self-respect, and foster trusting relationships while enjoying autonomy and freedom from unwanted intrusion.",0.5538726449012756,44.26951610510663
3,6," People value privacy because it allows them to feel secure, control personal information, maintain confidentiality, and express themselves freely without fear of judgment or exploitation.",0.6565146446228027,24.7772853579473
3,7," People value privacy because it protects personal information, promotes autonomy, and allows for open expression without fear of judgment or harm.",0.6589435338973999,39.557756472895164
3,8," People value privacy because it allows them to feel secure, control personal information, and maintain individuality, dignity, and autonomy.",0.55315762758255,26.90462159986073
3,9," People value privacy because it allows them to feel secure, express themselves freely, and protect sensitive information, promoting individual autonomy, dignity, and personal well-being.",0.7167600393295288,20.268940876881103
3,10," People value privacy because it allows them to feel secure, control their personal information, and maintain autonomy in their lives.",0.5844249725341797,16.399302882330193
3,11," People value privacy because it allows them to freely express themselves, protect personal information, and maintain control over their own identity and decisions.",0.47185787558555603,18.36667203406504
3,12," People value privacy because it allows them to feel safe, protect personal information, and maintain autonomy in their personal and professional lives.",0.6092544794082642,15.700411228467075
3,13," People value privacy because it protects personal information, fosters trust, and allows for honest self-expression without fear of judgment or harm.",0.7206258773803711,27.825676391282784
3,14," People value privacy because it allows them to feel secure, control personal information, and express themselves freely without fear of judgment or harm.",0.6366725564002991,20.092165667775728
3,15," People value privacy because it allows them to control personal information, have intimate conversations, and feel secure, essential for individual dignity, autonomy, and emotional wellbeing.",0.642219066619873,38.7950357380741
3,16," People value privacy because it provides a personal space to express thoughts, feelings, and actions freely, without judgment or intrusion.",0.5499776005744934,22.728541369764823
4,1," Habits can be hard to break due to the brain's neuroplasticity, where repeated actions form neural pathways, making the behavior automatic and resistant to change.",0.0421389564871788,39.07376571510146
4,2," Habits are hard to break because they become ingrained as automatic responses, linked with emotional triggers and reinforced over time.",0.010448499582707882,62.52784709018228
4,3," Habits are often hard to break due to the neural pathways formed in our brain over time, making them automatic responses and requiring consistent effort to change.",0.07726811617612839,64.18342959674499
4,4," A hard-to-break habit is often persistent due to its strong associations with pleasure, reward, or emotional relief, making it challenging to change behaviors without addressing these underlying drivers.",0.3022902309894562,52.5423930704003
4,5," Habits are hard to break because they are often deeply ingrained behaviors, linked with emotions and rewards, making them comforting and difficult to give up.",0.17373822629451752,51.03144186120518
4,6," A hard-to-break habit often persists due to its reinforcement by rewards, emotional triggers, or social influences, creating a cycle that is difficult to disrupt without conscious effort and strategy.",0.06934978812932968,56.027848709601805
4,7," A habit is hard to break due to its strong neural connections, reinforcement from rewards or comfort, and the brain's resistance to change established patterns.",0.13890418410301208,87.06597996451731
4,8," A deeply ingrained habit is hard to break because it's often associated with pleasurable feelings, strong cues in the environment, or reinforced by routine.",0.4194203019142151,49.80223364997776
4,9," A habit is hard to break because it's often deeply ingrained in our routines, supported by brain chemistry, and reinforced by triggers and rewards.",0.1488901823759079,36.160923638318465
4,10," A habit is difficult to break due to its neurological connection in our brain, reinforced by triggers and rewards, making it part of our automatic behavior patterns.",0.05250709876418114,63.014803481296546
4,11," Habits are difficult to break because they are often deeply ingrained, automatic responses reinforced by pleasure or relief, making conscious efforts to change challenging.",0.12311400473117828,126.30297766339505
4,12," Habits are difficult to break because they're often deeply ingrained patterns of behavior that have been reinforced by rewards or comfort, and changing them requires overcoming both psychological and physiological attachments.",0.04426106810569763,47.939397364607075
4,13," Resisting habits is challenging due to the brain's reward system, which reinforces repeated behaviors even when they are detrimental.",0.016107745468616486,65.5060962850742
4,14," A hard-to-break habit often persists due to its strong association with pleasure, relief, or avoiding discomfort, making it challenging to replace with a new behavior.",0.2199755758047104,52.04825794806001
4,15," Habits are hard to break because they're often deeply ingrained behaviors that our brain has learned over time, forming strong neural connections. Breaking them requires conscious effort, patience, and sometimes replacing the old habit with a new one.",0.182493194937706,30.597526731273547
4,16," Resisting old habits can be difficult due to the brain's neuroplasticity, which means our neural connections strengthen with repeated behaviors.",0.20260679721832275,59.76696884442238
5,1," Routines provide comfort, predictability, and structure in life, reducing stress and anxiety, while also fostering efficiency and productivity.",0.8720183372497559,35.51814042461071
5,2," People like routines because they provide structure, predictability, and reduce stress by making daily tasks easier to manage.",0.8551280498504639,50.865319082784495
5,3," People like routines because they provide structure, predictability, and reduce decision fatigue, making daily life easier to manage and less stressful.",0.8648861050605774,47.57331639680502
5,4," Routines provide structure, predictability, and reduce stress by simplifying decision making and helping establish good habits.",0.8124539256095886,49.8655373366453
5,5," People like routines because they provide structure, predictability, and reduce stress by minimizing decision fatigue.",0.7570744156837463,93.73995221440586
5,6," People find comfort and efficiency in routines as they provide structure, predictability, and help reduce decision fatigue.",0.7447879910469055,78.53624199706664
5,7," People appreciate routines because they provide structure, predictability, and reduce stress by making daily tasks more efficient and easier to manage.",0.9373769760131836,41.747502270125466
5,8," People like routines because they provide a sense of structure, predictability, and control in their daily lives, helping to reduce stress and increase efficiency.",0.8511565923690796,28.91159002672985
5,9," People enjoy routines because they offer predictability, reduce stress, conserve mental energy, and help maintain order in their daily lives.",0.8390578031539917,38.96395528520587
5,10," People enjoy routines because they provide a sense of predictability, control, and structure in life, reducing stress and increasing efficiency.",0.8604770302772522,39.8202289277361
5,11," People like routines because they provide structure, predictability, and a sense of control in their daily lives, reducing stress and promoting efficiency.",0.7671483755111694,36.07158677653666
5,12," People like routines because they offer predictability, reduce stress, save time, and promote efficiency in daily life.",0.8371695280075073,46.67511596807632
5,13," People like routines because they provide structure, predictability, and reduce decision fatigue, allowing for more efficient use of energy and mental resources.",0.8261567950248718,46.06718040958414
5,14," Routines provide structure, predictability, and a sense of control, which can reduce stress, improve productivity, and foster a feeling of security.",0.7926300168037415,23.234399926498217
5,15," People often find comfort and efficiency in routines as they provide structure, predictability, and reduce decision fatigue.",0.7036895155906677,78.47818007367447
5,16," People like routines because they provide structure, predictability, and reduce stress, allowing individuals to feel more in control, productive, and efficient.",0.8654471635818481,36.82233580769349
6,1," Both nature (genetics) and nurture (environment and experiences) contribute significantly to personality development, with neither being solely responsible.",0.16473479568958282,33.96451280138452
6,2," Both nature and nurture contribute significantly to personality development, with genes influencing predispositions and environment shaping expressions.",0.2624298334121704,53.46347235743199
6,3, Neither nature nor nurture exclusively determines personality development; it's a complex interplay of both genetic predispositions and environmental influences.,0.05346499755978584,25.60285007193771
6,4," Both nature (genetics) and nurture (environment) contribute significantly to personality development, with each playing varying roles in different aspects.",0.4291604459285736,32.65168908204158
6,5, Neither nature nor nurture solely determines personality development; both genetic predispositions and environmental factors contribute significantly to shaping an individual's personality.,0.06176413595676422,29.49712617953959
6,6," Neither nature nor nurture alone dominates in personality development; it's a complex interplay between genetics, environment, experiences, and individual choices.",0.11696570366621017,33.215819288216224
6,7, Neither nature nor nurture alone influences personality development the most; it's a combination of both genetic predispositions and environmental factors.,0.037913255393505096,30.70226509325396
6,8, Neither nature nor nurture exclusively determines personality development; it's a complex interplay of both genetic and environmental factors.,0.06589505821466446,26.983578608554936
6,9, Neither nature nor nurture solely determines personality development; it's a complex interplay of both genetic predispositions and environmental influences.,0.04993508756160736,23.975402707088325
6,10, Neither nature nor nurture exclusively determines personality development; both genetic and environmental factors contribute significantly.,0.05508681386709213,78.44323634987262
6,11," Both nature (genetics) and nurture (environment, experiences) contribute significantly to an individual's personality development. Neither factor alone fully explains personality development.",0.17461039125919342,28.49048791945107
6,12, Neither nature nor nurture exclusively determines personality development; both genetic predispositions and environmental factors contribute significantly.,0.03805674985051155,61.47408029087372
6,13," Both nature and nurture contribute significantly to personality development, with genes influencing temperament and environment shaping character traits.",0.2238742858171463,44.964172366989324
6,14," Both nature and nurture contribute significantly to personality development, with genetics influencing predispositions and environment shaping traits.",0.17926469445228577,40.71631204244649
6,15," Both nature and nurture significantly impact personality development, with genetics influencing predispositions and environment shaping expressions of those traits.",0.09492681175470352,45.48574703764479
6,16," Both nature (genetics) and nurture (environment) contribute significantly to personality development, with neither dominating entirely.",0.25140100717544556,42.19767487779418
7,1," People keep souvenirs as tangible reminders of special experiences or places, often to preserve memories, express personal identity, and share stories with others.",0.33878496289253235,78.41010282963995
7,2," People keep souvenirs as physical reminders and emotional connections to their personal experiences, travels, or significant events in life.",0.16068662703037262,96.62006927743377
7,3," People keep souvenirs as a way to remember and cherish special moments, experiences, or places they've encountered in their lives.",0.7814497947692871,32.92605745647077
7,4," People keep souvenirs to remember and cherish the experiences, emotions, and unique aspects of places they've visited.",0.7711824178695679,54.86997300022459
7,5," People often keep souvenirs to remember, cherish, and tell stories about their experiences from travels or significant events.",0.5173191428184509,77.03267620859579
7,6," People keep souvenirs as tangible reminders and emotional connections to memorable experiences, moments, or places they've visited.",0.5497193932533264,97.65402860407872
7,7," People keep souvenirs as reminders of special moments or travels, often serving as cherished keepsakes that evoke fond memories and emotions.",0.8170574307441711,100.4375050846067
7,8," People keep souvenirs as tangible reminders of memorable experiences, emotions, and connections they made during their travels or significant events.",0.5590890645980835,78.39798977777157
7,9," People often keep souvenirs to remember and cherish unique experiences, places, or moments, symbolizing personal connections and feelings.",0.7255713939666748,90.04941557028287
7,10," People keep souvenirs to remember and cherish special moments, cultures, and experiences from their travels or significant events.",0.7889204025268555,78.1392408574315
7,11," People keep souvenirs to remember and cherish unique experiences, emotions, or cultural connections from their travels or special events.",0.6954847574234009,103.35087072983075
7,12," People keep souvenirs to remember, cherish, and share experiences and emotions from their travels or meaningful events.",0.6461936235427856,92.1818429258454
7,13," People keep souvenirs as tangible reminders of memorable experiences, cultural encounters, or personal achievements they want to cherish and revisit in the future.",0.807641863822937,82.79739651898166
7,14," People keep souvenirs as tangible reminders of experiences, emotions, and connections they've made during their travels or significant events in life.",0.2997063994407654,57.35385799138544
7,15," People keep souvenirs as tangible reminders and personal mementos that evoke memories, emotions, or experiences associated with significant places, events, or people.",0.2795315384864807,53.113046761561
7,16," People keep souvenirs to remember and cherish their experiences, feelings, and connections from places they've visited.",0.6784464716911316,66.57867193041842
8,1," Human actions are influenced by factors like biology, environment, and upbringing, but the concept of 'true free will' as a complete absence of determinism is a philosophical debate without a universally accepted answer.",0.03893933817744255,35.25358527584803
8,2," Humans perceive a sense of free will, but from a scientific perspective, our actions are determined by a complex interplay of genetics, environment, and circumstance.",0.06194274500012398,20.507194893492258
8,3," Humans don't possess absolute free will as our choices are influenced by factors such as genetics, environment, and past experiences.

However, the concept of ""free will"" is complex and philosophically debated, so it's essential to acknowledge that perspectives can vary greatly among scholars and thinkers.",0.08502871543169022,19.324626042217556
8,4," Human actions are influenced by factors including genetics, environment, and personal choices, but the concept of ""true free will"" implying absolute autonomy over one's actions is a complex philosophical debate without a universally agreed-upon answer.",0.04404360055923462,26.276220325608342
8,5," Humans experience the sensation of free will, but our decisions are influenced by our genetics, environment, and past experiences, suggesting that it may not be entirely 'free'.",0.05034780129790306,25.67693991165061
8,6," Humans perceive themselves as having free will, but according to determinism theories in science, our actions are influenced by factors beyond conscious control.",0.04603555053472519,38.817231533146135
8,7," Humans may experience the perception of free will, but from a scientific perspective, our actions are determined by a complex interplay of genetics, environment, and past experiences.",0.06646597385406494,18.738391058369224
8,8," Human behavior is influenced by a complex interplay of genetic, environmental, and individual factors, but the concept of ""true free will"" as absolute control over one's actions remains philosophically debated.",0.03585214167833328,20.314867677865195
8,9," Humans perceive a sense of free will, but scientifically, our actions are influenced by a complex interplay of genetics, environment, and choices made in the past.",0.060042090713977814,24.848429275427563
8,10," Humans experience the sensation of free will, but our actions are influenced by factors like genetics, environment, and past experiences, which may limit its true nature.",0.02917095273733139,23.676699356641333
8,11," Human actions are influenced by factors such as genetics, environment, and choices, but the concept of 'true free will' in a deterministic universe is still a topic of philosophical debate.",0.04320727288722992,19.12001264553221
8,12," Human behavior is influenced by factors like genetics, environment, and past experiences, but the concept of 'true free will' as absolute control over actions remains a complex philosophical debate.",0.036757465451955795,30.73204260527267
8,13," Humans perceive a sense of free will, but from a scientific perspective, our actions are likely determined by factors such as genetics, environment, and past experiences.

In other words, while we may feel like we're making choices, those choices might be influenced more than we realize by external and internal factors beyond our immediate control. This is a complex topic with ongoing philosophical and scientific debates, but this response aims to provide a concise summary that highlights the current general understanding.",0.13299739360809326,19.969763470797254
8,14," Humans perceive choices as free will, but scientifically, decisions may be influenced by factors such as genetics, environment, and past experiences.",0.057636506855487823,25.891039709217008
8,15," Humans experience the perception of free will, but from a scientific perspective, our decisions and actions may be influenced by various factors beyond conscious control.",0.052308570593595505,25.92483370737118
8,16," Humans perceive themselves as having free will, but from a scientific perspective, our actions are determined by factors such as genetics, environment, and psychology, suggesting determinism rather than absolute free will.",0.051662877202034,23.00326336346232
9,1," Groupthink impairs critical thinking and decision-making by promoting conformity over diverse opinions, hindering the evaluation of alternative viewpoints, and potentially leading to poorer quality decisions.",0.004039543680846691,51.56314626140109
9,2," Groupthink reduces individual autonomy, promoting consensus over contrary ideas, which can limit creative problem-solving and lead to suboptimal decisions.",0.01698201708495617,70.23182042822751
9,3," Groupthink can limit diverse perspectives, inhibiting the evaluation of all available information, thereby compromising critical thinking and sound decision-making in a group setting.",0.009723377414047718,62.94522117456808
9,4," Groupthink hinders critical thinking and decision-making by suppressing dissent, encouraging conformity, and limiting the exploration of alternatives, often leading to poorer quality decisions.",0.004214659798890352,49.53535197178452
9,5," Groupthink can impair critical thinking and decision-making by promoting conformity, suppressing dissent, and limiting the exploration of alternative viewpoints.",0.005854087881743908,39.40693636422003
9,6," Groupthink hinders critical thinking by suppressing dissent, encouraging conformity, and reducing the exploration of alternative viewpoints in decision-making processes.",0.006364364642649889,54.54572886216382
9,7," Groupthink limits critical thinking by fostering conformity, stifling dissent, and encouraging poor decision-making due to the pressure for unanimity within a group.",0.007609634194523096,54.456511531300954
9,8," Groupthink restricts diverse viewpoints, leading to impaired critical analysis and potentially poorer decision-making within groups due to conformity pressure.",0.0041004871018230915,193.33857386143282
9,9," Groupthink can limit diverse perspectives, leading to poor decision-making as it suppresses criticism and dissent in a group.",0.0032343578059226274,87.94069227085092
9,10," Groupthink hinders critical thinking by promoting conformity, suppressing dissent, and reducing the exploration of alternative solutions in decision-making processes.",0.005609411280602217,55.41226867099706
9,11," Groupthink can limit diversity of thoughts, suppressing dissent and promoting conformity, which hampers the quality of critical thinking and decision-making in groups.",0.012464091181755066,66.20390748765708
9,12," Groupthink can hinder critical thinking and decision-making by encouraging conformity over independent thought, suppressing dissent, and limiting the exploration of alternative solutions or viewpoints.",0.007516237907111645,56.259608528860376
9,13," Groupthink restricts individual viewpoints, leading to poorer decision-making and reduced critical thinking by promoting conformity over independent analysis and dissent.",0.007619812618941069,127.73148491494257
9,14," Groupthink restricts diverse perspectives, causing individuals to conform instead of questioning assumptions, potentially leading to poor decisions due to lack of objective evaluation.",0.005203953478485346,111.78400360202416
9,15," Groupthink hinders critical thinking and decision-making by suppressing individual opinions, promoting conformity, and discouraging debate or dissent within a group.",0.005435815081000328,51.37264072479778
9,16," Groupthink can hinder critical thinking by limiting diverse perspectives, encouraging conformity, and discouraging the open evaluation of ideas, thereby reducing the quality of decision-making.",0.007258535362780094,44.89200771761254
10,1," A satisfying job provides personal growth, fair compensation, good work-life balance, meaningful work, and a supportive work environment that values employee wellbeing.",0.9471877217292786,44.045754457885444
10,2," A satisfying job offers personal growth, opportunities for learning, good work-life balance, fair compensation, and a positive, supportive work environment.",0.9713602662086487,29.61737598422442
10,3," A satisfying job offers meaningful work, personal growth opportunities, good pay, positive work environment, and a balance between job demands and personal life.",0.947685718536377,48.60505561550398
10,4," A satisfying job often provides opportunities for growth, meaningful work, fair compensation, good work-life balance, positive work environment, and recognition for contributions.",0.9635121822357178,37.41934635365613
10,5," A job is satisfying when it offers purpose, growth opportunities, fair compensation, positive work environment, and alignment with personal values.",0.9532223343849182,49.62578204849836
10,6," A satisfying job offers personal growth, meaningful work, fair compensation, supportive work environment, and alignment with one's values and interests.",0.9354863166809082,41.64400613009865
10,7," A job is satisfying when it offers purpose, challenges, growth opportunities, fair compensation, positive work environment, and a good work-life balance.",0.9647643566131592,35.00228988284305
10,8," A satisfying job often provides a balance of challenge, growth opportunities, fair compensation, supportive work environment, and alignment with personal values.",0.9218250513076782,68.59175254729364
10,9," A satisfying job offers meaningful work, opportunities for growth, fair compensation, positive relationships, and a work environment that respects and values its employees.",0.9505749344825745,35.08232823362385
10,10," A job is satisfying when it provides a sense of accomplishment, aligns with personal values, offers growth opportunities, and fosters a positive work environment.",0.966970682144165,22.99969877618742
10,11," A job is satisfying when it offers a balance of challenging work, personal growth, recognition, fair pay, and a positive work environment that respects employee wellbeing.",0.9508257508277893,43.402409806374365
10,12," A job is satisfying when it offers a balance of challenge, growth, recognition, and aligns with personal values, providing a sense of purpose and fulfillment.",0.9487221837043762,42.01328380634487
10,13," A satisfying job often offers growth opportunities, fair compensation, positive work environment, alignment with personal values, and meaningful work that contributes to something larger than oneself.",0.9521815180778503,58.668124356053795
10,14," A satisfying job offers personal growth, meaningful work, fair compensation, supportive work environment, and a balance between work demands and personal life.",0.9052063822746277,43.37282478329182
10,15," A satisfying job provides personal growth, challenges, a sense of purpose, fair compensation, and a positive work environment with good relationships and opportunities for recognition.",0.9586355090141296,49.36892014097935
10,16," A satisfying job often offers opportunities for growth, recognition of efforts, fair compensation, a positive work environment, and alignment with personal values and interests.",0.9511011242866516,52.94984224767786
11,1," Chance plays a significant role, but our actions, decisions, and circumstances also heavily influence the outcomes in our lives.",0.09449860453605652,35.40785300711889
11,2," Chance plays a significant role in shaping various aspects of our lives, but it's usually not the sole determinant; human choices and decisions also play a crucial part.",0.12052523344755173,25.804517018118844
11,3," Chance plays a significant role in shaping various aspects of our lives, but it's not the only factor; our actions, decisions, and circumstances also influence our experiences.",0.1650884449481964,17.543330565398247
11,4," Chance plays a significant, yet unpredictable role in shaping events and outcomes in our lives.",0.09355375170707703,37.051514105526394
11,5, Chance plays a significant role but it's human decisions and actions that largely shape our lives.,0.11222793906927109,54.314631832584595
11,6," Chance plays a significant role in our lives, influencing many events and decisions, but it's our actions, choices, and resilience that ultimately shape our experiences.",0.3095164895057678,27.638930694863006
11,7," Chance plays a significant role in shaping various aspects of our lives, but it's important to remember that we also have the power to make choices and influence outcomes.",0.49265170097351074,13.765059944350211
11,8," Chance plays a significant role, but our choices and decisions significantly shape our lives more than mere chance.",0.29517862200737,62.804070838741886
11,9," While our choices largely shape our lives, luck and unforeseen circumstances do play a role as decision factors.",0.05048605427145958,114.22096490673339
11,10," Chance plays a significant, yet unpredictable role in shaping various aspects of our lives.",0.10726027190685272,38.8352824898266
11,11," Chance plays a significant role, but we make most decisions based on personal choices and circumstances.",0.10093216598033905,32.54449787697874
11,12," Chance plays a significant role in our lives, influencing events and outcomes, but human choices and decisions are ultimately what shape our experiences.",0.16776950657367706,42.71156100424239
11,13," Chance plays a significant role in many events of our lives, but we have control over our responses and decisions.",0.1739436239004135,24.140221118304147
11,14," Chance plays a significant, yet unpredictable role in influencing various aspects of our lives.",0.11981785297393799,43.81822386703074
11,15," Chance plays a significant role in shaping events in our lives, but our actions and decisions also significantly impact outcomes.",0.318804532289505,30.591611042928083
11,16," Chance plays a significant role, but choices and decisions we make significantly shape our lives.",0.2084430605173111,49.662793595784734
12,1," An awkward conversation often arises when there's a lack of understanding, inappropriate topics, or emotional discomfort, making the interaction tense and uneasy.",0.00241562956944108,54.516060173814004
12,2," An awkward conversation is often characterized by tension, discomfort, or unease due to misunderstandings, uncomfortable topics, or awkward silences.",0.004523766692727804,36.45147180286776
12,3," An awkward conversation often arises when communication is uncomfortable or tense due to misunderstandings, inappropriate subjects, or social anxieties.",0.0032039699144661427,54.988099802046285
12,4," An awkward conversation often occurs when there's an uncomfortable misunderstanding, strong emotions, or lack of appropriate social cues that create tension and discomfort for participants.",0.0034353272058069706,49.51978864181912
12,5," An awkward conversation often arises when there's a disconnect in communication, misunderstandings, or tension that creates an uncomfortable atmosphere.",0.0032222408335655928,36.608362891249364
12,6," Awkward conversations often arise when there's a lack of understanding, inappropriate topics, or uncomfortable silences, leading to tension and unease between participants.",0.0023624140303581953,43.79096547364763
12,7," An awkward conversation often arises when people communicate in an uncomfortable or tense manner, missing social cues, and lacking sensitivity to each other's feelings.",0.0029674710240215063,45.30891182721785
12,8," An awkward conversation often arises when there's a discomfort due to miscommunication, social anxiety, or sensitive topics being discussed without proper tact.",0.0033958598505705595,61.62631566253453
12,9," An awkward conversation often occurs when there's a mismatch in social norms, expectations, or emotional comfort levels among the participants.",0.005995596759021282,43.67481173451559
12,10," An awkward conversation often occurs when participants feel uncomfortable due to misunderstandings, tension, or an inability to communicate effectively.",0.002486481564119458,30.183962016370046
12,11," An awkward conversation often arises when there's a disconnect in understanding, disagreement, or tension that leads to uncomfortable silences and uneasy feelings.",0.004440714605152607,49.052535844537765
12,12," An awkward conversation often arises when participants feel uncomfortable due to misunderstandings, disagreements, or an absence of smooth social interaction.",0.00330412108451128,50.04078930797078
12,13," An awkward conversation often arises when there's miscommunication, tension, or discomfort due to topics being sensitive, unexpected, or handled poorly.",0.00321873533539474,58.55175143638914
12,14," An awkward conversation often occurs when there's a lack of shared understanding, discomfort with the subject matter, or an unintentional mismatch in social norms.",0.004460528492927551,34.786491810173956
12,15," An awkward conversation often occurs when there's a lack of natural flow, uncomfortable silences, miscommunication, or tension between the individuals involved.",0.0037583804223686457,40.780471035721604
12,16," An awkward conversation often arises when there's a mismatch in expectations, discomfort, or tension due to sensitive topics, miscommunication, or unspoken emotions.",0.004195213783532381,42.71404578456001
13,1," People quickly form initial opinions based on nonverbal cues, appearance, and behavior during the first encounter.",0.05574475973844528,69.35109911126989
13,2," People form first impressions quickly, often within the first few seconds of meeting someone, based on nonverbal cues, appearance, and initial interactions.",0.20724265277385712,33.44776506336116
13,3," People often form initial opinions about others quickly, within the first few seconds or minutes of meeting them, based on appearances, behavior, and communication style.",0.07623247802257538,33.03931800806513
13,4," People often form first impressions quickly, usually within seconds, based on nonverbal cues, appearance, and initial interactions.",0.16932740807533264,61.90003258950482
13,5," People form first impressions quickly, often within the first few seconds, based on nonverbal cues such as appearance, body language, and tone of voice.",0.11036985367536545,18.277235755917186
13,6," People form initial impressions quickly and often subconsciously, usually within the first few seconds of meeting someone, based on verbal and nonverbal cues.",0.07512959837913513,24.639608256752233
13,7," People often form initial impressions quickly, often within seconds, based on nonverbal cues like appearance, body language, and tone of voice.",0.09911226481199265,24.99206342490621
13,8," People often form initial opinions quickly, within seconds, based on appearances, behavior, and nonverbal cues. This is known as a first impression.",0.11019161343574524,30.63603946815061
13,9," People form first impressions quickly, often within seconds, based on a combination of nonverbal cues, appearance, and initial interactions.",0.18811947107315063,43.7853801196975
13,10," People form first impressions quickly, often within the first few seconds, based on nonverbal cues like appearance, body language, and tone of voice.",0.1078483909368515,21.25366356402254
13,11," People form initial impressions quickly, often within the first few seconds, based on nonverbal cues like appearance, body language, and tone of voice. These early judgments can influence subsequent interactions.",0.11585211008787155,22.812135042018394
13,12," People often form initial judgments about others based on appearance, behavior, and communication in the first few moments of interaction.",0.03636642545461655,33.75533018248679
13,13," People form initial impressions quickly, often within the first few seconds, based on nonverbal cues such as appearance, body language, and tone of voice.",0.09525662660598755,17.027652305463572
13,14," People often form first impressions quickly, based on nonverbal cues, appearance, and initial interactions, shaping their overall opinion about someone.",0.09405482560396194,80.40020880220322
13,15," People form initial impressions quickly, often within the first few seconds of meeting someone, based on nonverbal cues, appearances, and initial interactions.",0.17495256662368774,33.813155514221684
13,16," People form initial impressions quickly, often within the first few seconds of meeting someone, based on nonverbal cues, appearance, and initial interactions.",0.18159142136573792,32.82016426970873
14,1," A day feels productive when you accomplish meaningful tasks, learn something new, and maintain a balance between work, relaxation, and personal growth.",0.9656475186347961,39.916308817683564
14,2," A day feels productive when tasks are completed, goals are met, and progress is made towards personal or professional objectives.",0.9624488353729248,54.00588733057731
14,3," A day feels productive when tasks are accomplished, goals met, and time is well-managed, promoting personal growth and fulfillment.",0.9756888747215271,95.306126698216
14,4," A day feels productive when tasks are completed, goals are met, and personal growth is achieved, fostering a sense of accomplishment.",0.9743586182594299,41.02098116606186
14,5," A day feels productive when you complete important tasks, learn something new, and make progress towards your goals.",0.9692996740341187,39.028591045747014
14,6," A day feels productive when you accomplish tasks, learn something new, and maintain balance between work, rest, and leisure.",0.9563630223274231,51.203930055410474
14,7," A day feels productive when you complete meaningful tasks, learn something new, and make progress towards your goals.",0.9710761308670044,45.20242741468352
14,8," A day feels productive when tasks are accomplished, goals met, and progress is made in various areas of life.",0.9679450988769531,69.5943185380052
14,9," A day feels productive when tasks are completed, goals are met, and progress is made towards personal or professional objectives.",0.9624488353729248,54.00588733057731
14,10," A day feels productive when you've accomplished meaningful tasks, learned something new, and managed your time effectively.",0.9727010726928711,60.08234269388836
14,11," A day feels productive when you've completed meaningful tasks, made progress towards goals, and balanced work, rest, and leisure effectively.",0.9609626531600952,108.37711712213685
14,12," A day feels productive when tasks are completed, goals are met, and progress is made towards personal or professional objectives.",0.9624488353729248,54.00588733057731
14,13," A day feels productive when you complete meaningful tasks, achieve goals, and make progress towards your objectives.",0.9663276076316833,70.68194426233984
14,14," A day feels productive when accomplishments, learning, and personal growth are achieved, with breaks for rest and relaxation.",0.9689627289772034,102.23796880223934
14,15," A day feels productive when tasks are completed, goals met, and time is efficiently utilized, fostering a sense of accomplishment.",0.9731547832489014,64.55777616779983
14,16," A day feels productive when you accomplish meaningful tasks, learn something new, and maintain a balance between work, rest, and leisure.",0.9626251459121704,43.12602051684888
15,1," Superheroes are popular because they embody idealized versions of human strength, courage, and morality, providing an escape from reality while inspiring hope and encouragement for good in the world.",0.9565808773040771,26.826420088385103
15,2," Superheroes are popular because they embody aspirational qualities, like courage, justice, and hope, helping people find comfort and inspiration in challenging times.",0.9651017189025879,34.295205719405075
15,3," Superheroes, with their extraordinary abilities and moral codes, offer audiences hope, inspiration, and escapism from real-world challenges.",0.9352434277534485,36.254630532450456
15,4," Superheroes capture our imagination with their extraordinary abilities, strong moral compasses, and tales of overcoming adversity, providing us comfort, inspiration, and hope in the face of challenges.",0.9636716842651367,31.544908617578375
15,5," Superheroes are popular because they embody idealistic traits, offer hope amidst adversity, and allow us to explore complex moral dilemmas in an exciting, engaging way.",0.9625135660171509,26.303962695791526
15,6," Superheroes, popular due to their compelling narrative of good triumphing over evil, offer escape and inspiration as relatable characters who often embody human virtues and face personal challenges.",0.8639558553695679,82.54408071226403
15,7," Superheroes are popular because they inspire us with their courage, strength, and ability to overcome adversity, offering a hopeful escape from real-world struggles.",0.9678815603256226,25.081847198634236
15,8," Superheroes capture our imagination with their heroic deeds, extraordinary powers, and the hope they instill in us that good triumphs over evil.",0.9391079545021057,34.734951223819394
15,9," Superheroes captivate us because they symbolize hope, courage, and the human desire to overcome adversity while upholding moral values.",0.9553142786026001,31.963552571145105
15,10," Superheroes resonate with us because they embody idealistic traits, like courage and justice, and offer escapism from reality while inspiring hope and empowerment.",0.927178144454956,51.03860863543563
15,11," Superheroes capture our imagination, offering hope and inspiration through tales of extraordinary individuals who strive to make the world a better place, often reflecting our own human struggles and aspirations.",0.9558737874031067,35.440377654487214
15,12," Superheroes are popular because they offer hope, inspire courage, and help us imagine a world where good triumphs over evil.",0.946994960308075,27.74923665987282
15,13," Superheroes are popular because they offer compelling narratives of relatable characters overcoming challenges, often representing hope and justice in difficult times.",0.9585021138191223,53.64890053876063
15,14," Superheroes are popular because they offer escapism, represent ideals of justice and courage, and inspire us with their extraordinary abilities and compelling stories.",0.9615576863288879,31.219596778811088
15,15," Superheroes are popular because they embody powerful and relatable qualities, offering hope, inspiration, and escapism in a world that often seems complex and uncertain.",0.9460001587867737,23.147216871534567
15,16," Superheroes capture our imagination as they embody human strengths amplified, offering hope, inspiration, and escape from reality's challenges.",0.9295229315757751,134.69985300744767
16,1," Feeling confident comes from believing in one's abilities, skills, and worth, often built through experiences, successes, and positive self-talk.",0.9345656633377075,37.557705834801375
16,2," Feeling confident often stems from believing in one's abilities, understanding the situation, and having faith that positive outcomes are achievable.",0.9258332848548889,34.96125558916139
16,3," Feeling confident comes when one believes in their abilities, values themselves, and perceives challenges as opportunities for growth.",0.9296326637268066,45.789605087421535
16,4," Confidence arises when one believes in their abilities, values self-worth, and is comfortable with taking risks.",0.8356055021286011,41.482383402604306
16,5," Confidence arises when a person believes in their abilities, trusts their decisions, and values themselves based on personal strengths and accomplishments.",0.9114599227905273,33.09888378816485
16,6," Feeling confident stems from believing in one's abilities, skills, and judgments, often reinforced by positive experiences and self-awareness.",0.9306407570838928,38.75007245406126
16,7," Feeling confident stems from believing in one's abilities, having self-assurance, and possessing a strong sense of self-worth.",0.8859237432479858,17.71605317519593
16,8," Confidence comes from believing in one's abilities, trusting oneself, and feeling prepared to handle challenges.",0.8992329835891724,29.28442730421121
16,9," Feeling confident arises when one believes in their abilities, skills, and knowledge to handle challenges effectively.",0.9175581336021423,59.869539563861466
16,10," A person feels confident when they believe in their abilities, have positive self-perception, and are prepared for challenges.",0.9173663258552551,27.210714241987137
16,11," Feeling confident involves believing in one's abilities, skills, and preparation, which can lead to acting fearlessly and effectively.",0.869269847869873,44.20110084744169
16,12," Feeling confident often results from believing in one's abilities, preparation, and understanding of the situation, combined with a positive mindset.",0.9247637987136841,38.52028692790634
16,13," Feeling confident comes from having self-awareness, skills, and experiences that make one believe in their ability to handle challenges effectively.",0.9251758456230164,33.01458502498491
16,14," Feeling confident often stems from believing in one's abilities, understanding their worth, and having a positive outlook on personal capabilities.",0.9226114153862,40.73088564541194
16,15," Feeling confident comes when one believes in their abilities, experiences success, and perceives situations positively.",0.9447503089904785,102.38261733912375
16,16," A person feels confident when they believe in their abilities, are prepared, and perceive that they can handle challenges effectively.",0.902123749256134,39.83708413524808
17,1," People listen to music for entertainment, emotional expression, stress relief, social bonding, cultural appreciation, and personal enjoyment.",0.8895098567008972,37.08123398497146
17,2," People listen to music for various reasons, including enjoying its emotional impact, rhythmic patterns, cultural significance, and as a means of relaxation or mood enhancement.",0.8145889639854431,34.90140859404391
17,3," People listen to music for enjoyment, emotional expression, stress relief, social connection, and cultural exploration.",0.8145383596420288,44.370322304879956
17,4," People listen to music for various reasons such as enjoyment, relaxation, emotional expression, cultural connection, and mood enhancement.",0.8929353356361389,32.49476057114538
17,5," People listen to music for various reasons such as enjoyment, relaxation, emotional expression, social connection, or to enhance mood and productivity.",0.8865025043487549,25.181821856198535
17,6," People listen to music for various reasons such as enjoyment, relaxation, expressing emotions, socializing, learning, and even as motivation.",0.8663264513015747,29.272553412519766
17,7," People listen to music for enjoyment, emotional expression, stress relief, social connection, cultural engagement, and personal growth.",0.9010618329048157,33.97692085230313
17,8," People listen to music for various reasons such as relaxation, expressing emotions, enhancing mood, socializing, learning, and cultural engagement.",0.8421183824539185,31.601395908768055
17,9," People listen to music for various reasons, including its ability to evoke emotions, enhance mood, express thoughts, provide entertainment, foster social connection, and even aid focus or relaxation.",0.8507418632507324,29.488336660705883
17,10," People listen to music primarily for enjoyment, relaxation, emotional expression, mood enhancement, and cultural connection.",0.8548097610473633,53.87902762862431
17,11," People listen to music for various reasons, such as enjoyment, emotional expression, relaxation, social bonding, and mood enhancement.",0.8739781975746155,23.774422891820095
17,12," People listen to music for enjoyment, emotional expression, mood enhancement, relaxation, social connection, and cultural engagement.",0.905002772808075,44.32583998749427
17,13," People listen to music for pleasure, emotional expression, relaxation, social connection, cultural understanding, and personal motivation.",0.8869591951370239,41.3343943468393
17,14," People listen to music for enjoyment, emotional expression, stress relief, memory stimulation, and cultural connection.",0.8109678626060486,54.41392950829594
17,15," People listen to music for enjoyment, stress relief, mood enhancement, emotional expression, and cultural connection.",0.8566247224807739,55.17455360457656
17,16," People listen to music for various reasons such as entertainment, emotional expression, relaxation, social interaction, and cultural appreciation.",0.8605796694755554,25.224027977463024
18,1," Language significantly influences our worldview by providing the framework to interpret, categorize, and communicate our experiences, shaping our perceptions, thoughts, and actions.",0.1898270696401596,24.53019772241515
18,2," Language, with its cultural and contextual nuances, significantly influences our understanding and interpretation of the world around us.",0.1537095457315445,24.419334207635778
18,3," Language influences our worldview by shaping how we perceive, think, and communicate about the world around us, often reflecting cultural norms and values.",0.05873829126358032,23.25766089697086
18,4," Language significantly influences our worldview by defining how we perceive, categorize, and understand the world around us.",0.08838307857513428,18.06452346792591
18,5," Language significantly influences our worldview by providing frameworks for understanding, organizing thoughts, and shaping perspectives about the world around us.",0.3378234803676605,40.73105073274447
18,6," Language influences our worldview by defining, organizing, and limiting our perceptions, shaping the way we think, feel, and interact with reality.",0.035024166107177734,25.91012101321795
18,7," Language shapes our worldview by defining how we perceive, categorize, and interpret reality, influencing our thoughts, beliefs, and actions.",0.03788414224982262,18.609109491122933
18,8," Language shapes our worldview by providing the concepts, categories, and ways of thinking that influence how we perceive, understand, and interact with our surroundings.",0.09528975933790207,19.87503224620215
18,9," Language shapes our worldview by providing the tools to categorize, understand, and communicate about our experiences, thus influencing how we perceive and interact with the world.",0.15906910598278046,20.296524163277134
18,10," Language shapes our worldview by defining and organizing our experiences, influencing how we perceive, interpret, and communicate about reality.",0.08878004550933838,33.4308951319051
18,11," Language shapes our worldview by defining and structuring the concepts, ideas, and perceptions we use to understand and interact with the world around us.",0.05482321232557297,15.648547980240538
18,12," Language influences our worldview by shaping the way we perceive, think about, and interact with the world around us.",0.044933490455150604,13.376241490157968
18,13," Language shapes our worldview by structuring the way we perceive, think about, and communicate concepts, shaping our understanding of reality.",0.04255584627389908,29.320448381961707
18,14," Language shapes our worldview by providing the framework through which we interpret and understand experiences, shaping our perceptions, thoughts, and actions.",0.1217394545674324,27.81841293619375
18,15," Language shapes our worldview by providing the framework through which we perceive, categorize, and understand reality.",0.09289556741714478,22.1929007856943
18,16," Language significantly influences our worldview by providing frameworks for understanding, categorizing, and interpreting the world around us.",0.2682833671569824,24.55100364654626
19,1," Childhood memories are important because they shape our identity, influence our emotional development, and can significantly impact our mental health as adults.",0.526377260684967,23.83259364871907
19,2," Childhood memories help shape our identity, influence our emotions, and inform our relationships throughout life.",0.37155503034591675,47.88434954433026
19,3," Childhood memories are crucial because they shape our identity, influence personality development, and contribute significantly to our emotional wellbeing throughout life.",0.8526966571807861,38.91424979731153
19,4," Childhood memories are essential because they shape our identities, influence future decisions, and provide a sense of personal continuity throughout life.",0.7302615642547607,35.11328971967546
19,5," Childhood memories matter because they shape our identity, influence future behaviors, and provide emotional anchors throughout our lives.",0.518622636795044,54.624190667926925
19,6," Childhood memories matter because they shape our identities, influence future decisions, and help us understand our personal growth and development.",0.6311964988708496,32.29452985269197
19,7," Childhood memories offer valuable insights into personal development, helping us understand who we were, who we are, and potentially who we may become.",0.6898324489593506,23.79909830544856
19,8," Childhood memories are essential as they shape our identity, influence personal development, and strengthen emotional resilience throughout life.",0.7875856757164001,48.66101317081895
19,9," Childhood memories provide us with a foundation for personal identity, emotional development, and understanding of the world.",0.5565746426582336,30.842476618691194
19,10," Childhood memories matter because they shape our identity, influence our adult lives, and provide us with a sense of continuity and personal history.",0.519874632358551,29.88351998920412
19,11," Childhood memories shape our identity, understanding, and empathy, influencing us throughout life as they define who we are and how we interact with the world.",0.35602620244026184,28.606995481485374
19,12," Childhood memories are crucial because they shape our identities, influence our relationships, and help us understand our personal growth throughout life.",0.7523757815361023,29.042522891788973
19,13," Childhood memories are crucial as they shape our identity, influence our emotions, and help us understand our personal growth throughout life.",0.6182804107666016,30.168184398191677
19,14," Childhood memories matter because they shape our identity, influence our emotions, and help us understand personal growth throughout life.",0.4924848675727844,41.295771388625816
19,15," Childhood memories shape our identity, values, and emotional development, significantly impacting who we become as adults.",0.19679975509643555,51.982418801788576
19,16," Childhood memories matter because they shape our personal identity, influence our adult behavior, and provide emotional connections to our past.",0.24511153995990753,44.651588143438694
20,1," Vivid memories are often strongly emotional, unique, repeated, or associated with significant personal events, causing their details to be more easily recalled over time.",0.767787754535675,65.29736872307306
20,2," Vivid memories are often a result of strong emotions, novelty, personal relevance, and the repetition of the event or related cues.

The above response explains that vivid memories tend to be associated with intense emotions, new experiences, personal significance, and frequent reminders or repeated encounters with the memory-triggering stimuli, all of which contribute to their clarity and impact. Emotions, particularly strong ones, can create a lasting impression on our minds, making memories more memorable. Novelty refers to unusual or unique events that stand out from the ordinary, enhancing recall. Personal relevance means that experiences that are significant to us have a greater chance of being remembered vividly due to their importance. Finally, repetition involves repeated exposure to the memory-triggering stimuli, which can strengthen and reinforce the memory in our minds. Together, these factors help explain why some memories remain vivid while others fade over time.",0.6690115928649902,21.58483975804477
20,3," A memory stays vivid when it's emotionally charged, novel, personally relevant, or involves strong sensory details.

A more concise version: Vivid memories are emotional, unique, meaningful, and rich in sensory detail.",0.7797804474830627,62.16817637763804
20,4," Vivid memories are often strongly emotional, repeatedly experienced, and have unique sensory details that stimulate the brain's neural pathways, causing them to be more easily remembered.",0.7303197383880615,60.03368691616087
20,5," Vivid memories are often strongly emotional, novel, or significant events, and they're reinforced by repeated thought and association with other memories.

Memory retention can also be influenced by factors like sleep quality, stress levels, and the formation of neural connections in the brain.",0.11932114511728287,29.865058248011522
20,6," A memory stays vivid due to strong emotional connection, novelty, personal relevance, and repeated recall.

This statement highlights the factors that contribute to a memory's longevity and clarity in our minds. Emotions, unusual events, personal significance, and frequent reminders can all help etch memories deeply into our long-term memory bank.",0.7640360593795776,45.08500205637181
20,7," A memory becomes vivid when it involves strong emotions, novelty, personal significance, or repetition, and is consolidated over time through the process of memory formation.",0.549021303653717,59.741154225878354
20,8," A memory stays vivid when it's emotionally charged, novel, or personally significant, and repeatedly recalled, reinforcing the neural connections in our brain.",0.6646526455879211,119.9741458123617
20,9," A memory stays vivid due to strong emotions, novelty, personal significance, and repeated recall.

Here is a more detailed explanation:

Memories that are emotionally charged, unexpected or out of the ordinary, personally meaningful, or frequently recalled tend to remain vivid over time. This is known as the ""flashbulb memory"" effect, which refers to the superior long-term retention of details surrounding significant and emotionally arousing events. Additionally, the more attention one pays to a particular memory, the stronger and more lasting it tends to be.

In other words, experiences that evoke strong emotions, are surprising or unusual, have personal importance for us, or that we pay special attention to, are more likely to remain vivid in our memories compared to mundane or uneventful events. This can help explain why certain memories from our past seem so clear and detailed while others fade away over time.",0.6385288238525391,20.39238433589576
20,10," Vivid memories are often retained due to strong emotional or learning connections, novelty, personal relevance, and repetition.

In a more concise version: Vivid memories are kept by strong emotions, novelty, personal importance, and frequent recall.",0.5054535269737244,44.41205376772491
20,11," A memory stays vivid when it is emotional, novel, or involves strong sensory stimuli, and if it's recalled frequently or with high detail.",0.45338910818099976,145.07461435588382
20,12," Vivid memories are often strongly emotional, linked to other memories, and reinforced by frequent recall or significant events.

Memory is a complex cognitive process involving the encoding, storage, and retrieval of information from past experiences. While some memories fade over time, others remain vivid and vividness can be influenced by various factors such as emotional intensity, novelty, personal significance, repetition, and context.

Here are some factors that contribute to the formation of vivid memories:

1. Emotional intensity: Memories associated with strong emotions, whether positive or negative, tend to be more vivid due to the activation of the amyggdala, which is responsible for emotional processing in the brain. This is why people often remember traumatic events or intense experiences more clearly than everyday occurrences.
2. Novelty: New or unusual stimuli grab our attention and are processed differently by the brain, making them more likely to be remembered vividly. For example, a first day at a new school or an unexpected encounter with wildlife can lead to vivid memories.
3. Personal significance: Memories that have personal significance to us are also more likely to remain vivid. This could include our first kiss, the birth of a child, or winning a major award. These memories may be revisited frequently and emotionally charged, which helps to reinforce them in our memory.
4. Repetition: Frequent rehearsal of a memory can help it become more durable and vivid over time. This is why we may remember specific lines from movies or songs that we have heard many times.
5. Context: The context in which a memory was formed, including the physical surroundings, people involved, and emotions experienced, can also contribute to its vividness. For example, the smell of pine trees might evoke a vivid memory of a family vacation spent in the mountains.
6. Cognitive processing: The way we think about and interpret our experiences can influence their vividness. People who are highly self-aware or have a rich inner life may be more likely to form vivid memories because they are able to reflect on their experiences in detail.
7. Attention: Paying attention to a memory during its formation can also make it more vivid. This is why we might remember the details of a car accident that we were involved in, even though we would rather forget it.
8. Stress and trauma: While stress and trauma can impair our ability to form new memories, they can also make existing memories more vivid. This is thought to be due to the activation of the body's stress response system, which floods the brain with chemicals that enhance memory consolidation.
9. Sleep: Getting enough sleep is important for consolidating memories and preventing them from fading over time. During sleep, the brain reactivates memories and consolidates them into long-term storage, making them more vivid and easier to recall.
10. Age: Our ability to form and retain memories changes as we age. Older adults may have difficulty forming new memories, but they often retain vivid memories of their past experiences due to the strengthening of neural connections over time.

In summary, vivid memories are often emotionally intense, linked to other memories, and reinforced by frequent recall or significant events. Understanding the factors that contribute to vividness can help us to better remember important moments in our lives and preserve them for future reflection.",0.2925109565258026,13.484843009967475
20,13," A memory stays vivid when it is emotionally charged, novel, and involves strong sensory experiences such as sights, sounds, smells, and feelings.

Memory Retention Factors:
1. Emotional Significance - Memories related to strong emotions are easier to recall.
2. Novelty - Unusual or extraordinary events create lasting memories.
3. Sensory Input - Memories that involve multiple senses tend to be more vivid and long-lasting.
4. Rehearsal - Regularly revisiting a memory helps solidify it in the brain.
5. Context - A clear understanding of the situation or setting when the event occurred can aid memory retention.",0.6721102595329285,26.332343326889045
20,14," A memory becomes vivid due to strong emotions, novelty, personal relevance, and repeated recall, forming a rich neural network in our brain.",0.7800500988960266,110.3122805774598
20,15," A memory stays vivid when it's strongly emotional, repeated often, or connected to personal significance, stimulating the brain's hippocampus and amyggdala.

In a longer explanation, the human brain tends to remember experiences that have strong emotional content, are unique, surprising, or significant to us personally. The brain structures responsible for these memories include the hippocampus, which plays a role in forming new memories, and the amyggdala, which is involved in processing emotions.

Additionally, repeated exposure to an event can help strengthen the memory trace, making it more vivid over time. For example, if you had a particularly impactful experience on vacation, you might remember details about the location, people, and activities long after returning home.

On the other hand, memories can become less vivid or even fade away completely if they are not recalled frequently or are not connected to strong emotions or personal significance. This is why it's important to periodically reminisce about significant experiences in order to preserve their vividness.

Overall, a combination of emotional impact, repeated exposure, and personal relevance contribute to making a memory stay vivid over time.",0.3877992033958435,21.66831301378759
20,16," A memory stays vivid when it's emotionally significant, fresh, and frequently recalled.

This answer is based on the following sources:

1. Baddeley, A. D., & Andrade, E. K. (Eds.). (2009). The psychology of learning and motivation (3rd ed.). Academic Press.
2. Ericsson, K. A., Chase, W. G., & Faloon, M. (1980). Long-term prosody retention: A memory for tunes. Journal of Verbal Learning and Verbal Behavior, 19(5), 647–662.
3. Schacter, D. L. (2012). Memory distortion: How memories are constructed, stored, and forgotten. Oxford University Press.",0.10155300796031952,20.252884036584994
