prompt_id,candidate_id,response,sentiment_score,perplexity,kl_divergence
1,1," Weather refers to short-term atmospheric conditions (like rain or heat), while climate describes long-term patterns (30+ years) of temperature, precipitation, and wind in a region.",0.04331686720252037,24.766731144882236,5.265504771404637
1,2," Weather refers to short-term atmospheric conditions, while climate describes long-term patterns of temperature, precipitation, and wind in a specific region.",0.04901236295700073,17.264162351146968,2.28711940524157
1,3," Weather refers to short-term atmospheric conditions like temperature, humidity, or rainfall on a specific day, while climate describes long-term patterns over decades or more.",0.04969414696097374,27.30130750794726,5.876103916143723
1,4," Weather refers to short-term atmospheric conditions, while climate describes long-term patterns of temperature, precipitation, and other atmospheric characteristics in a specific region.",0.050981104373931885,16.217978563248618,3.2428913540372917
1,5," Weather refers to short-term atmospheric conditions, while climate describes long-term patterns of temperature, precipitation, and wind in a region.",0.051407016813755035,17.485141970128506,2.304367013275965
1,6," Weather describes short-term atmospheric conditions, while climate refers to long-term patterns of temperature, precipitation, and wind in a specific region.",0.05036815255880356,21.79294127228406,2.28711940524157
1,7," Weather refers to short-term atmospheric conditions, while climate describes long-term patterns and trends in temperature, precipitation, and other elements.",0.0544404499232769,15.822721123395558,3.413906252142255
1,8," Weather refers to short-term atmospheric conditions, while climate describes long-term patterns of temperature, precipitation, wind, and other atmospheric conditions over extended periods.",0.05616084113717079,15.876948214622217,4.248542803999933
1,9," Weather refers to short-term atmospheric conditions, while climate describes long-term patterns of temperature, precipitation, and wind in a region.",0.051407016813755035,17.485141970128506,2.304367013275965
1,10," Weather refers to short-term atmospheric conditions (e.g., rain or sunshine), while climate is long-term patterns of temperature, precipitation, and other elements over decades or more.",0.06747469305992126,18.465428062497047,7.482957892655881
1,11," Weather describes short-term atmospheric conditions, while climate refers to long-term patterns of temperature, precipitation, and other atmospheric variables over a large area.",0.05880400910973549,17.993967861878293,4.2772986372738275
1,12," Weather refers to short-term atmospheric conditions, while climate describes long-term patterns and trends in temperature, precipitation, wind, and other atmospheric variables over a region or planet.",0.058684565126895905,17.572415742528282,3.028472706151107
1,13," Weather refers to short-term atmospheric conditions, while climate describes long-term patterns of temperature, precipitation, and wind in a specific region.",0.04901236295700073,17.264162351146968,2.28711940524157
1,14," Weather refers to short-term atmospheric conditions, while climate describes long-term patterns of temperature, precipitation, and wind in a region.",0.051407016813755035,17.485141970128506,2.304367013275965
1,15," Weather refers to short-term atmospheric conditions, while climate describes long-term patterns of temperature, precipitation, wind, and other elements in a specific region.",0.05211823061108589,14.549761977543898,3.110763955999126
1,16," Weather describes short-term atmospheric conditions, while climate refers to long-term patterns of temperature, precipitation, and wind in a specific region.",0.05036815255880356,21.79294127228406,2.28711940524157
2,1," When someone dies, their body stops functioning and they cease to exist in the physical world. This is a natural part of life, signifying the end of one's life on Earth.",0.004511903040111065,14.113905683675176,10.257155556218203
2,2," Upon death, the physical body ceases to function and life as we know it ends; the soul or consciousness may continue on in belief systems depending on personal beliefs.",0.025911996141076088,46.58760792331801,13.635695529804146
2,3," Upon death, the body ceases to function and biological processes end, leaving the physical body while consciousness moves on, according to various cultural, religious, and philosophical beliefs.",0.017673350870609283,36.01765268134197,12.311343944738795
2,4," When someone dies, their body stops functioning and the soul or consciousness is believed to depart, leaving behind a physical corpse. Funeral rituals are often carried out as part of mourning and remembrance.",0.014418653212487698,30.32360669286467,14.491264984254784
2,5," When someone dies, their body stops functioning and life ends, while memories and influence often continue in the lives of those who knew them.",0.009879982098937035,49.269089940348174,11.651283633865003
2,6," When someone dies, their physical body ceases functioning, and they no longer exhibit signs of life. This marks the end of their biological existence on Earth.",0.0036179078742861748,20.42684069191703,8.94701497411741
2,7," When someone dies, their physical body stops functioning, and they are no longer able to think, feel, or respond to the world around them. The soul or spirit, if one believes in it, may leave the body. Funerals or memorials often follow, marking a time for mourning and remembrance of the deceased's life.",0.020249607041478157,15.208521242507725,11.131531436769047
2,8," When someone dies, their body stops functioning and they are no longer able to think, feel, or breathe on their own. The body eventually decomposes over time.",0.005476084537804127,14.82652856694861,10.834075337728864
2,9," When someone dies, their bodily functions cease and they are no longer able to think, feel, or respond to stimuli. Their body decomposes over time, while their spirit or soul may be believed to continue in another form according to various religious beliefs.",0.011780769564211369,21.826053524699613,11.531488595020303
2,10," When someone dies, their body stops functioning and requires burial or cremation, while memories of them continue to live on in the hearts of those who knew them.",0.018086904659867287,20.39355123087206,12.705784424017759
2,11," When someone dies, their body stops functioning and they no longer breathe or have a heartbeat, leading to permanent unconsciousness. After death, cultural and legal procedures usually follow.",0.006146885454654694,35.118128872951225,9.672272413970445
2,12," When someone dies, their physical body stops functioning, and they no longer have a living presence in the world. This marks the end of one's life on Earth.",0.003926639910787344,15.660554904278689,8.902609592338171
2,13," When someone dies, their body stops functioning and they no longer breathe or have a heartbeat. Funeral rites or burials often follow to honor the deceased and provide comfort to those left behind.",0.09415342658758163,27.762928403149704,13.228954903034136
2,14," When someone dies, their body stops functioning and the brain ceases activity, leading to an end of biological life. Funeral rites or rituals may follow, depending on cultural and personal beliefs.",0.006336495745927095,35.361984187054226,11.933908314477822
2,15," When someone dies, their body ceases to function, and they no longer exhibit signs of life. Their organs stop working, and they can't breathe or have a heartbeat. This is often referred to as ""passing away"" or ""losing one's life."" It's a permanent, irreversible state that requires proper care, rituals, and mourning by loved ones.",0.009424721822142601,15.534179223716663,11.59674801785411
2,16," When someone dies, their physical body ceases to function, and they no longer breathe, have a heartbeat, or respond to stimuli; this is known as death. The soul or consciousness, however, is a topic of philosophical and religious debate.",0.013232897035777569,19.083396878229838,8.236529340722841
3,1," High blood pressure is primarily caused by lifestyle factors such as stress, obesity, poor diet, lack of exercise, smoking, and excessive alcohol consumption, combined with genetic predisposition.",0.0029316998552531004,10.848998597970988,6.227871709996137
3,2," High blood pressure is primarily caused by a combination of lifestyle factors, such as unhealthy diet, physical inactivity, and stress, along with genetic predisposition.",0.002970962319523096,11.479591783135097,8.441360401542434
3,3," High blood pressure is primarily caused by a lifestyle that includes poor diet, lack of exercise, stress, smoking, and excess alcohol, combined with genetics and aging.",0.0028322513680905104,21.817281787798084,8.275794161611513
3,4," High blood pressure is often caused by lifestyle factors such as poor diet, lack of exercise, stress, smoking, and excessive alcohol consumption, but genetics can also play a role.",0.006152454297989607,9.132667272657878,4.538978148346686
3,5," High blood pressure is typically caused by a combination of factors, including genetics, age, obesity, lack of physical activity, excessive sodium intake, heavy alcohol consumption, and stress.",0.0031628727447241545,10.335729886542158,6.940262615644466
3,6," High blood pressure is often caused by a combination of factors including genetics, age, diet, lack of exercise, obesity, and stress.",0.0035949377343058586,9.812483534011099,5.289739203915504
3,7," High blood pressure is often caused by a combination of factors including genetics, age, obesity, physical inactivity, excessive sodium intake, heavy alcohol use, and stress.",0.0028309919871389866,11.684951093904456,6.3337518031379085
3,8," High blood pressure is often caused by a combination of lifestyle factors such as diet, stress, and physical inactivity, as well as genetics and aging.",0.005581153556704521,10.999111669870304,5.8740873522032775
3,9," High blood pressure is often caused by unhealthy lifestyle factors such as excessive salt intake, physical inactivity, obesity, smoking, and excessive alcohol consumption.

Stress, aging, family history, and certain medications can also contribute to its development.",0.0062319752760231495,13.999410166366548,8.156651459428854
3,10," High blood pressure is primarily caused by long-term hardening and narrowing of arteries, excessive salt intake, obesity, alcohol consumption, stress, lack of physical activity, and family history.",0.0028736901003867388,19.75936974219412,8.199786604527986
3,11," High blood pressure is primarily caused by a combination of genetics, lifestyle factors such as diet and physical activity, age, and stress.",0.005599693860858679,11.981220933204785,6.548098740831113
3,12," High blood pressure is often caused by a combination of factors like genetics, age, obesity, lack of physical activity, too much salt in the diet, and stress.",0.0027595972642302513,10.84879684482619,7.068654600656189
3,13," High blood pressure is often caused by lifestyle factors such as poor diet, lack of exercise, smoking, and excessive alcohol consumption, as well as genetics and aging. Stress can also contribute.",0.0051744007505476475,11.351367449263826,5.935002308651498
3,14," High blood pressure is primarily caused by a lifestyle that includes poor diet, lack of physical activity, smoking, and excessive alcohol consumption, as well as genetic factors.",0.002871524542570114,12.697152844028556,5.688854511243441
3,15," High blood pressure is often caused by a combination of lifestyle factors, such as diet, exercise habits, stress levels, and genetic predisposition.",0.005321437958627939,8.85961065093155,6.220103576477895
3,16," High blood pressure is often caused by unhealthy lifestyle factors such as poor diet, lack of exercise, smoking, and excessive alcohol consumption, along with genetic and age-related factors.",0.002907912712544203,11.353170039387916,5.414040156113081
4,1," A black hole is an object in space with such strong gravity that nothing, not even light, can escape once it gets too close.",0.08747551590204239,19.53246757718863,9.811843229415615
4,2," A black hole is a space object with such a strong gravitational pull that nothing, not even light, can escape once it gets too close.",0.10080622881650925,17.601633071048497,11.48788701576407
4,3," A black hole is a region in space where gravity is so strong that nothing, not even light, can escape.",0.08836667239665985,12.1744191319799,3.699802254611842
4,4," A black hole is an extremely dense, space object with such strong gravity that nothing, not even light, can escape once past its event horizon.",0.1120249554514885,41.01281554191719,12.238143697585352
4,5," A black hole is a space object where gravity is so strong that nothing, not even light, can escape.",0.10513167083263397,16.92070366330313,5.123602004239125
4,6," A black hole is a region in space where gravity is so strong that nothing, not even light, can escape once it gets too close.",0.08447220176458359,14.242112859731508,7.391724980189317
4,7," A black hole is a region in space where gravity pulls so strongly that nothing, not even light, can escape.",0.04588090628385544,16.997969259665297,2.5529214656178665
4,8," A black hole is an object in space where gravity is so strong that nothing, including light, can escape from it.",0.11329468339681625,13.315311754819493,6.0451418720905234
4,9," A black hole is a space object with such a strong gravitational pull that nothing, not even light, can escape its boundary.",0.10033942013978958,18.658934308565133,10.41407706282981
4,10," A black hole is an area in space where gravity pulls so hard that nothing, not even light, can escape.",0.029880156740546227,16.793121082543518,3.8657897470424176
4,11," A black hole is a space area where gravity is so strong that nothing, not even light, can escape.",0.08280043303966522,18.56033369950388,3.867646498996931
4,12," A black hole is an extremely dense region in space where gravity pulls everything so strongly that nothing, including light, can escape.",0.06161082535982132,24.508375152990055,7.128269412193221
4,13," A black hole is a region in space where gravity is so strong that nothing, not even light, can escape.

Here's an even shorter version: Black holes are intense cosmic sinkholes from which nothing can leave.",0.07810080051422119,19.43712739655744,8.333284373313871
4,14," A black hole is an extremely dense region in space where gravity pulls everything, even light, towards its center, making it invisible to the naked eye.",0.05347314849495888,17.676149140145455,11.653662417324682
4,15," A black hole is an extremely dense region in space where gravity is so strong that nothing, not even light, can escape from it.",0.11483057588338852,13.69427592825401,5.620615755662746
4,16," A black hole is an incredibly dense region in space where gravity pulls everything, even light, towards its center.",0.06100848317146301,28.641268241169456,10.39411267240239
5,1," The sky appears blue because molecules in Earth's atmosphere scatter sunlight more when it travels through them sideways, which scatters shorter wavelength light like blue away from our line of sight.",0.25511300563812256,87.912685227209,7.999169447679987
5,2," The sky appears blue because molecules in Earth's atmosphere scatter sunlight, with shorter-wavelength blue light being scattered more than longer-wavelength red light. This scattering makes the daytime sky appear blue to us.",0.36423808336257935,28.36945596461565,8.416344892369848
5,3," The sky appears blue because molecules in Earth's atmosphere scatter sunlight more when it travels through them sideways, making blue light dominant in the sky.",0.3325543999671936,87.56000864070391,8.459884015757307
5,4," The sky appears blue because molecules in Earth's atmosphere scatter sunlight more strongly in the blue direction, causing them to be scattered and scattered toward our eyes.",0.3231319189071655,53.952954271847126,8.80968852115653
5,5," The sky appears blue because molecules in Earth's atmosphere scatter sunlight more effectively at shorter, blue wavelengths compared to longer ones. This scattering effect scatters most of the sun's blue light towards our eyes, making the sky appear blue during a clear day.",0.40940621495246887,40.16392014476231,10.457189790402948
5,6," The sky appears blue because molecules in Earth's atmosphere scatter sunlight more at shorter (blue) wavelengths, making them appear scattered and blue to us.",0.3498968482017517,80.64848361018032,10.080826285859809
5,7," The sky appears blue because molecules in Earth's atmosphere scatter sunlight more at shorter wavelengths like blue and violet, but we see it as blue due to Rayleigh scattering and atmospheric scattering.",0.2679927945137024,52.27040992677384,9.221312358475082
5,8," The sky appears blue because molecules in Earth's atmosphere scatter sunlight, with shorter wavelengths like blue light getting scattered more and reaching our eyes.",0.3688829839229584,71.979029301803,10.784413452972867
5,9," The sky appears blue because molecules in Earth's atmosphere scatter sunlight more at shorter wavelengths (blue light) than longer ones, causing the blue color to be scattered towards our eyes.",0.2893897294998169,53.29821259420762,10.26228382422273
5,10," The sky appears blue because molecules in Earth's atmosphere scatter sunlight more at shorter wavelengths (blue light) than longer ones (red light). This scattering effect, known as Rayleigh scattering, gives us the beautiful blue sky.",0.8573606610298157,26.21626636229678,11.239187982459677
5,11," The sky appears blue due to a process called Rayleigh scattering, where shorter wavelengths of sunlight like blue are scattered more by Earth's atmosphere, leaving us with a blue sky.",0.6110231876373291,27.583777837767098,7.02044866380384
5,12," The sky appears blue because molecules in Earth's atmosphere scatter sunlight more strongly in the blue part of the spectrum, and the scattered blue light is what we see.",0.4350420832633972,34.955512961371056,9.16009083223504
5,13," The sky appears blue because molecules in Earth's atmosphere scatter sunlight in all directions, but blue light is scattered more easily than other colors.",0.4499053657054901,35.833336279870196,10.767216948967425
5,14," The sky appears blue because molecules in Earth's atmosphere scatter sunlight, with shorter-wavelength blue light being scattered more than longer-wavelength red or yellow light. This scattering process makes the sky look blue during a clear day.",0.6163408756256104,29.14198000964819,9.002116156607448
5,15," The sky appears blue due to a process called Rayleigh scattering, where shorter wavelengths of light like blue are scattered more than longer ones by Earth's atmosphere molecules.",0.4495399296283722,31.76511070413025,8.39131115459752
5,16," The sky appears blue because molecules in Earth's atmosphere scatter sunlight more at shorter wavelengths like blue and violet, but we perceive it as blue instead of violet due to Rayleigh scattering.",0.17774589359760284,46.234484123412216,10.743737527198078
6,1," Hiccups are caused by sudden, involuntary spasms in the diaphragm due to irritation or overstimulation of the phrenic nerve, often triggered by swallowing air, eating quickly, or emotional stress.",0.005574961192905903,25.62210383514408,5.279989783614811
6,2," Hiccups occur when the diaphragm suddenly contracts and closes the windpipe too quickly, causing a quick inhale that produces the characteristic ""hic"" sound.

In simpler terms: Hiccups happen due to rapid involuntary contractions of the diaphragm, resulting in a sudden closure of the windpipe, producing a quick 'hic' sound.",0.049059078097343445,15.191050367888433,12.802651882037376
6,3," Hiccups occur when the diaphragm contracts involuntarily and rapidly closes the windpipe, causing the sudden closure to produce the characteristic ""hic"" sound.

* The diaphragm is a muscle that separates the chest cavity from the abdomen, helping with breathing.
* When it contracts too quickly or irregularly, it can force the vocal cords together, causing the hiccup sensation.
* Hiccups can be caused by a variety of factors, such as eating too quickly, drinking carbonated beverages, emotional stress, or certain medications.
* They are usually harmless and will typically resolve on their own within a few minutes to a few hours.",0.12123892456293106,22.688823015993066,12.262212505650936
6,4," Hiccups occur when the diaphragm contracts involuntarily and quickly closes the windpipe, causing a quick inhale that produces the ""hic"" sound.

Triggers can vary from eating too fast to excitement or stress. In some cases, they may persist for days, but are rarely a cause for concern. Home remedies like breathing into a paper bag or swallowing sugar may help alleviate them.",0.1805894821882248,29.614586889142412,12.910421026333093
6,5," Hiccups are typically caused by a sudden involuntary contraction of the diaphragm, which is often triggered by swallowing air, eating quickly, or experiencing emotional stress.",0.00766579806804657,23.105477788776756,6.397534043001582
6,6," Hiccups are caused by a sudden, involuntary contraction of the diaphragm followed by rapid closure of the vocal cords, often due to sudden excitement or overeating.",0.02677052654325962,23.62849533229761,9.374904499503387
6,7," Hiccups occur due to sudden involuntary contractions of the diaphragm, which is usually triggered by irritation in the phrenic nerve, often caused by swallowing air quickly or eating large amounts of spicy or sweet foods.",0.00950009748339653,27.359313396962293,7.5709605301812815
6,8," Hiccups occur when the diaphragm contracts involuntarily and quickly closes the windpipe, causing a sudden ""hic"" sound.

Triggers can include eating or drinking too fast, excitement, stress, alcohol consumption, or certain medications. They're usually harmless but can be bothersome.",0.03609396517276764,24.591472356908387,12.929475161046216
6,9," Hiccups occur when the diaphragm involuntarily contracts and closes the windpipe too quickly, creating a sudden ""hic"" sound due to rapid closure of the vocal cords.

In simpler terms: Hiccups happen when your diaphragm (a large muscle under your lungs) contracts too fast, momentarily closing off your windpipe, causing the quick, unexpected ""hic"" sound.",0.036728840321302414,20.56478350573264,14.628214167432938
6,10," Hiccups occur due to an involuntary spasm in the diaphragm, triggered by irritation or overstimulation of the phrenic nerve.

The cause can be varied, such as eating too quickly, drinking carbonated beverages, emotional stress, or even a side effect of certain medications. Some theories suggest that hiccups may also be related to the brain's interpretation of abnormal electrical activity in the chest cavity.",0.012768266722559929,17.88653124271026,9.592139607705162
6,11," Hiccups are caused by rapid, involuntary diaphragm contractions and relaxation of the glottis, often triggered by swallowing air or excitement.",0.04019472375512123,38.688185431763564,9.612386363793004
6,12," Hiccups are caused by an involuntary and rapid diaphragm contraction followed by closure of the glottis, typically triggered by sudden stimulation or overeating.",0.013155567459762096,38.01401662747913,10.921983497400497
6,13," Hiccups are caused by sudden involuntary contractions of the diaphragm, which is triggered by irritation to the phrenic nerve, often due to swallowing air or drinking carbonated beverages too quickly.",0.006651258561760187,27.87602206993739,6.8280442363494895
6,14," Hiccups occur due to sudden, involuntary contractions in the diaphragm that cause a quick closure of the windpipe, producing the distinctive ""hic"" sound.

When you're done writing prompt responses, remember to use the ""Code Complete"" command to signal that your work is finished!",0.07555150240659714,36.24506313337517,14.272442121244662
6,15," Hiccups occur when the diaphragm involuntarily contracts and closes the windpipe too quickly, causing a sudden closure of the vocal cords that produces a sound.

Triggers may include eating too fast, drinking carbonated beverages, or emotional stress. Some cases can last for hours but usually resolve on their own without treatment. If persistent or long-lasting, medical attention should be sought.",0.02349555492401123,26.44792531439682,13.549452707860654
6,16," Hiccups occur due to sudden, involuntary spasms in the diaphragm caused by an irritated phrenic nerve, often from eating too quickly or drinking carbonated beverages.",0.014933876693248749,30.88918410291654,7.675668623717375
7,1," Photosynthesis converts sunlight, carbon dioxide, and water into glucose (sugar) and oxygen, fueling plant growth and releasing life-sustaining oxygen.",0.17863871157169342,22.471764867404385,8.759476356360782
7,2," Photosynthesis converts carbon dioxide, water, and sunlight into glucose and oxygen in plants.",0.10489300638437271,28.485285215724748,4.19605376739913
7,3," Photosynthesis is the process plants use to convert sunlight, carbon dioxide, and water into glucose for energy and oxygen as a byproduct.",0.062008365988731384,21.433666010111764,3.105092300744059
7,4," Photosynthesis is the process by which green plants, algae, and some bacteria convert sunlight, carbon dioxide, and water into glucose (sugar) and oxygen.",0.10377872735261917,12.815894020588734,5.637605359471602
7,5," Photosynthesis is the process plants use to convert sunlight, carbon dioxide, and water into energy, producing oxygen as a byproduct.",0.08896239101886749,16.538791915857946,4.246882530384596
7,6," Photosynthesis is the process plants use to convert sunlight, carbon dioxide, and water into glucose (food) and oxygen.",0.06576713919639587,20.174425753983975,2.2759970222417953
7,7," Photosynthesis is a process used by plants, algae, and some bacteria to convert sunlight, carbon dioxide, and water into glucose and oxygen.",0.09154161065816879,13.74406231570631,5.109380843098299
7,8," Photosynthesis is the process by which green plants, algae, and some bacteria convert sunlight, carbon dioxide, and water into glucose and oxygen.",0.12457755953073502,13.066063436300404,5.198008262686844
7,9," Photosynthesis converts sunlight, carbon dioxide, and water into glucose and oxygen in plants.",0.10290177911520004,29.528515578479265,4.19605376739913
7,10," Photosynthesis is the process by which plants, algae, and some bacteria convert sunlight, carbon dioxide, and water into glucose (sugar) and oxygen.",0.08501407504081726,11.372732725274577,4.851405931175471
7,11," Photosynthesis is a process plants use to convert sunlight, carbon dioxide, and water into glucose and oxygen.",0.07860176265239716,17.94028461466756,2.329609475791631
7,12," Photosynthesis is a process used by plants, algae, and some bacteria to convert sunlight, carbon dioxide, and water into glucose and oxygen.",0.09154161065816879,13.74406231570631,5.109380843098299
7,13," Photosynthesis converts sunlight, carbon dioxide, and water into glucose (sugar) and oxygen, sustaining life on Earth.",0.3987441658973694,23.202049557178277,5.908663363345492
7,14," Photosynthesis converts sunlight, carbon dioxide, and water into glucose and oxygen for plants' growth and the Earth's atmosphere.",0.12872841954231262,35.359176790810025,4.599361574973987
7,15," Photosynthesis is a process used by plants and some other organisms to convert sunlight, carbon dioxide, and water into glucose (sugar) and oxygen.",0.06858539581298828,15.074331299806344,4.963440814720335
7,16," Photosynthesis is the process plants use to convert sunlight, carbon dioxide, and water into glucose (energy) and oxygen.",0.06792459636926651,19.858615122652736,3.4272895687160423
8,1, A seatbelt's purpose is to protect vehicle occupants from injury or death during accidents by safely restraining them.,0.1134193018078804,32.57568933236648,8.133173739368848
8,2," A seatbelt is designed to protect drivers and passengers during vehicle collisions, minimizing injury by keeping occupants securely restrained.",0.27823758125305176,45.044109529845464,7.773133167527157
8,3," A seatbelt is designed to protect drivers and passengers during accidents, minimizing injuries by restricting movement in collisions.",0.25824981927871704,39.521735869793446,6.56710043234246
8,4," A seatbelt's purpose is to secure and protect the driver or passenger during vehicle collisions, reducing injury risk.",0.16802825033664703,44.15584068692808,8.783466950856097
8,5," A seatbelt is designed to protect drivers and passengers during vehicle accidents, minimizing injury by restraining occupants.",0.22116415202617645,52.48172188342264,5.508887590716955
8,6," A seatbelt protects drivers and passengers during a crash, helping to prevent serious injuries.",0.3525905907154083,33.8612211609215,10.97682530095155
8,7," A seatbelt is designed to protect drivers and passengers during vehicle crashes, reducing the risk of serious injury or death.",0.17527425289154053,15.334554377192052,6.095826171810874
8,8," A seatbelt's purpose is to protect vehicle occupants by restraining them during sudden stops or collisions, reducing the risk of injury.",0.18198703229427338,29.149860094910952,6.83881862546072
8,9," A seatbelt's purpose is to secure occupants during vehicle accidents, reducing the risk of injury or death.",0.12261203676462173,26.534827580345592,9.114622944415373
8,10," A seatbelt is designed to protect vehicle occupants by restraining them during accidents, reducing the risk of injury.",0.22285810112953186,27.934749513028876,6.5541283085179725
8,11," A seatbelt is designed to protect drivers and passengers during vehicle accidents by keeping them securely in place, reducing the risk of injury.",0.2459820806980133,17.25211873787436,6.631968438233825
8,12, A seatbelt is designed to protect drivers and passengers from injury during vehicle accidents by keeping them securely restrained.,0.14495444297790527,28.010918894657376,8.175341314282498
8,13," A seatbelt is designed to protect drivers and passengers during vehicle collisions, reducing the risk of injury or death.",0.20291969180107117,16.41806548054903,3.737576392807263
8,14, A seatbelt is designed to protect vehicle occupants from injury during sudden stops or accidents by keeping them secure and minimizing movement.,0.18588866293430328,42.23652709220227,8.519386330038639
8,15," A seatbelt is designed to protect drivers and passengers during vehicle collisions, reducing the risk of injury.",0.23421047627925873,20.808295997747067,3.9480065047081134
8,16," A seatbelt keeps you safe in a vehicle collision by restraining your movement, reducing the risk of injury.",0.36959949135780334,33.94985090387311,9.294859436458173
9,1," A library is a place where books, media, and knowledge resources are collected, organized, and made accessible for study, education, information, and enjoyment.",0.7809551358222961,20.018911437982872,9.315517093094238
9,2," A library is a place where books, movies, music, and other resources are stored for people to borrow and learn from.",0.39044034481048584,14.31599139092996,7.793549153973133
9,3," A library is a place where you can borrow books, access information, and use resources for learning, reading, or research.",0.557790994644165,17.54417548224503,4.500006735842855
9,4," A library is a place where people can borrow books, access information, and use resources for learning, research, or enjoyment.",0.7425932884216309,16.16902711239241,5.6052475804588315
9,5," A library is a place where people can borrow books, research materials, and access knowledge resources for free study, learning, or enjoyment.",0.7601866722106934,29.307951960836125,7.452892715032864
9,6," A library is a place where people can borrow books, magazines, audiobooks, and other resources for reading, learning, or entertainment.",0.5730097889900208,12.383099833508235,8.180551290799572
9,7," A library is a place where people can borrow books, access information, and learn in a quiet and educational environment.",0.7037742137908936,20.43878088934256,9.613875740210624
9,8," A library is a place where people can borrow books, access computers, and learn, all while fostering knowledge sharing in their community.",0.8222957253456116,28.10842477536138,8.822664013614707
9,9," A library is a place where people can borrow books, access knowledge, and use resources for learning, research, and enjoyment.",0.7954500913619995,17.76286856540376,4.507701611547514
9,10," A library is a place where people can borrow books, access computers, and learn in quiet spaces, fostering knowledge and personal growth.",0.8287380933761597,35.26586728010219,7.705429893030055
9,11," A library is a place where you can borrow books, access information, and learn, offering resources to read, research, or enjoy.",0.8300748467445374,28.070753706264355,6.312811245171561
9,12," A library is a place where people can borrow books, research resources, and learn in quiet surroundings.",0.6023531556129456,30.79973142583909,8.008420304515
9,13," A library is a place where you can borrow books, access digital resources, and find quiet spaces for learning, reading, and research.",0.7143129110336304,25.605957295796326,7.460017599944578
9,14," A library is a place where people can borrow books, access knowledge, and learn in a quiet, resourceful environment.",0.803590714931488,20.97440768473826,9.320147935618433
9,15," A library is a place where books, movies, music, and other resources are collected for people to borrow, read, listen, or use for learning.",0.4941675066947937,17.01329105608713,6.573998313939448
9,16," A library is a place where books, media, and knowledge resources are collected, organized, and made available for people to learn, read, and research.",0.6049226522445679,15.53416070554301,8.363575313276879
10,1," An eclipse is when the Earth, Moon, or other planets align in such a way that one body passes between another and the Sun, causing temporary darkness.",0.03806820139288902,23.05820583332135,5.708916844272367
10,2," An eclipse is when the Earth, Moon, or other celestial bodies align in such a way that one body blocks the light from another during a solar or lunar event.",0.022261004894971848,20.725501897884488,7.269416633040086
10,3," An eclipse occurs when the Earth, Moon, or another planet aligns in such a way that one celestial body passes between the Sun and another, causing temporary dimming of sunlight.",0.04851700738072395,18.973024325892922,5.996293557365093
10,4," An eclipse is when the Earth, Moon, or another planet comes between the Sun and another celestial body, causing the light from the Sun to be partially or completely blocked.",0.02853085659444332,19.10757180887896,5.477813655289918
10,5," An eclipse is a natural phenomenon where one celestial body temporarily blocks the light from another, such as the moon blocking sunlight during a solar eclipse or Earth blocking starlight during a lunar eclipse.",0.021044861525297165,18.573875104668694,11.469013128274721
10,6, An eclipse is a natural phenomenon where the light from one celestial body (like the sun) is blocked by another passing between it and the Earth. Examples include solar eclipses (sun blocked by moon) and lunar eclipses (moon in Earth's shadow).,0.03373675420880318,14.07798616317638,12.543796177498441
10,7," An eclipse occurs when the Earth, Moon, or other celestial bodies align in such a way that one body passes into the shadow of another, blocking light from being visible.",0.02908576838672161,15.86540706508502,7.101949038034664
10,8," An eclipse occurs when the Earth, Moon, or another planet aligns in such a way that one body passes between two others and blocks some or all of their light.",0.032510507851839066,21.442810079611924,7.936272816116587
10,9," An eclipse is when the Earth, Moon, or other planets align, causing one celestial body to block the light from another.

If you want a shorter version:
An eclipse occurs when one celestial body blocks the light of another during alignment.",0.04185396805405617,23.36330612980464,8.122444171364673
10,10," An eclipse is when the Earth, Moon, or another planet comes between a star and the Sun, causing temporary darkness or color change in daylight.",0.03948865085840225,33.46225001551115,5.016235532274365
10,11," An eclipse is a natural phenomenon where the light from one celestial body, such as the Sun or Moon, is blocked by the shadow of another.",0.026778947561979294,9.689086479196723,7.001625772780467
10,12," An eclipse is when the Earth, Moon, or other planets align in such a way that one body passes between another and its light source, causing a temporary obscuration of the light.",0.046710055321455,19.985533904072753,8.04267068330537
10,13," An eclipse is when the Earth, Moon, or another planet comes between a celestial body and the sun, causing a temporary disappearance of light from one another.",0.041444726288318634,22.69564534148112,5.772148396555186
10,14," An eclipse is when the Earth, Moon, or another planet blocks some light from the Sun, causing temporary darkness during the day.",0.019738594070076942,24.07002023611622,4.564277181471198
10,15," An eclipse is when the Earth, Moon, or other planets align in such a way that one object blocks light from another's sun.",0.032464612275362015,26.197509239822995,8.505504552082789
10,16," An eclipse is when the Earth, Moon, or other planets align in such a way that one body passes into the shadow of another.",0.07265125215053558,17.92143591995236,7.329916779336702
11,1," A thermometer measures temperature, providing a reading in degrees to indicate how hot or cold something is.",0.07123202830553055,35.924575431092585,10.961272443538814
11,2," A thermometer measures the temperature, providing a way to monitor heat levels in various environments.",0.08360748738050461,34.50723209967459,5.814147816274781
11,3," A thermometer measures the temperature of its surroundings or the substance inside it, converting it into a readable scale.",0.09276683628559113,46.67910003901041,11.380027589776638
11,4," A thermometer measures the temperature, typically displaying it in degrees Celsius or Fahrenheit.",0.06965328007936478,34.02839132804706,8.005121894924942
11,5," A thermometer measures the temperature, typically reporting changes in degrees Celsius or Fahrenheit.",0.06161295250058174,60.66663561489485,8.105711764449028
11,6," A thermometer measures the temperature, showing how hot or cold something is.",0.10247273743152618,28.16417003248698,10.286890445681035
11,7," A thermometer measures the temperature in degrees, helping us understand if things are too hot or cold.",0.0992574691772461,40.59691016418162,9.780822027244492
11,8," A thermometer measures temperature, providing a numerical representation of how hot or cold something is.",0.09783661365509033,24.24299034597325,12.040809645304792
11,9," A thermometer measures temperature, showing how hot or cold something is.",0.10374503582715988,31.006443621900665,11.026247917143609
11,10," A thermometer measures the temperature, displaying different scales like Celsius or Fahrenheit.",0.06984075158834457,92.88893157048629,12.231654856076695
11,11," A thermometer measures temperature, a physical property that describes the hotness or coldness of an object.",0.07854904979467392,28.32664635379138,10.657920050184766
11,12," A thermometer measures temperature, displaying changes in heat levels as numbers or marks.",0.05407903715968132,133.05591875914308,8.206301633973142
11,13," A thermometer measures the temperature, typically in degrees Celsius or Fahrenheit.",0.06647448241710663,23.732763682703645,6.84411142241494
11,14," A thermometer measures temperature, showing how hot or cold something is.",0.10374503582715988,31.006443621900665,11.026247917143609
11,15," A thermometer measures temperature, providing a reading of how hot or cold something is.",0.09602943807840347,27.476605729174892,10.949229718919002
11,16," A thermometer measures temperature, providing a quantitative way to understand heat levels.",0.11575081944465637,62.174342655508624,6.766759275275689
12,1," The water cycle is a continuous process where water evaporates, condenses into clouds, falls as precipitation, and then collects in rivers, lakes, or oceans to start over.",0.05349799245595932,23.899896772497335,5.890799247331995
12,2," The water cycle is the continuous process where water evaporates, forms clouds, rains or snow, and returns to bodies of water or land.",0.05955823138356209,35.38328719109255,5.043981331697695
12,3," The water cycle is the natural process where water continuously evaporates, forms clouds, rains back down as precipitation, and then flows into rivers, lakes, or oceans before evaporating again.",0.06391417980194092,25.762002935782725,8.111826833558016
12,4," The water cycle is a natural process where water evaporates, forms clouds, rains down, and eventually returns to its original source as rivers or oceans.",0.07071023434400558,28.010190966856413,9.534153675716528
12,5," The water cycle is a continuous process where water evaporates, condenses into clouds, rains down, and returns to the oceans or land as rivers.",0.05413740128278732,28.65341208435456,6.627135293719658
12,6," The water cycle is the continuous process of water evaporating, condensing into clouds, raining, and running off or returning to oceans.",0.052151672542095184,41.487041934662635,8.222333409373645
12,7," The water cycle involves evaporation, condensation, precipitation, and runoff, continuously circulating water from oceans to land as vapor, then back as rain or snow.",0.05427771061658859,45.21353996898373,5.5372571711148755
12,8," The water cycle involves continuous movement of water through the Earth's atmosphere, land, and oceans as it transforms between liquid, solid, and vapor states.",0.10567415505647659,26.47137390352146,7.538406097465667
12,9," The water cycle is a continuous process where water evaporates, forms clouds, precipitates as rain or snow, and returns to the earth as rivers and oceans.",0.05692651867866516,26.37022132853098,5.460565310523645
12,10," The water cycle is a continuous process where water evaporates, forms clouds, precipitates as rain or snow, and then flows back to oceans, lakes, and rivers.",0.05257631465792656,19.44035768304098,5.2543753310140255
12,11," The water cycle describes how water continuously moves between Earth's oceans, atmosphere, and land through processes of evaporation, condensation, precipitation, and runoff.",0.07069509476423264,24.065728041318692,3.805149645162147
12,12," The water cycle involves the continuous movement of water between Earth's surface, atmosphere, and oceans, through processes like evaporation, precipitation, runoff, and transpiration.",0.08476763218641281,19.792690448471166,6.048845690709321
12,13," The water cycle is a continuous process where water evaporates, condenses into clouds, falls as rain or snow, and then flows back to oceans or land.",0.05737117677927017,22.696657232915314,6.45623711839931
12,14," The water cycle involves the continuous movement of water between the Earth, atmosphere, and living organisms through evaporation, condensation, precipitation, and runoff.",0.06804701685905457,19.587594476363897,5.605015811283736
12,15," The water cycle is a continuous process where water evaporates, forms clouds, rains down, and collects in rivers, lakes, and oceans before evaporating again.",0.055340953171253204,17.634800289691523,6.479400892350294
12,16," The water cycle is a continuous process where water evaporates, forms clouds, rains down, and flows back into bodies of water or land.",0.054722294211387634,26.27372707773565,6.159628483196305
13,1," Earthquakes occur when energy stored in the Earth's crust is suddenly released, often due to movements along fault lines, such as tectonic plate boundaries.",0.03213090822100639,25.489654575704847,11.317332167771271
13,2," Earthquakes are caused by the shifting of tectonic plates beneath the Earth's surface, releasing energy in the form of seismic waves.",0.03219945728778839,11.517061405942478,7.569861580894607
13,3," Earthquakes occur when there is a sudden release of energy in the earth's crust due to tectonic plates moving, stress building up, and causing the ground to shake.",0.034253813326358795,18.309004328939192,7.619335818454065
13,4," Earthquakes are caused by the movement and friction of tectonic plates beneath the Earth's surface, which sometimes result in sudden release of built-up energy.",0.0343073308467865,21.589863059856004,4.0237826007866815
13,5, Earthquakes are caused by the movement and energy release in the Earth's crust due to the constant shifting of tectonic plates.,0.029006099328398705,21.433563806671536,5.524497825645215
13,6," Earthquakes occur when there's a sudden release of energy in the Earth's crust due to tectonic plate movements, such as when two plates collide or slide past each other.",0.04299850016832352,15.166521438068115,9.22363956566493
13,7," Earthquakes occur when tectonic plates beneath the earth's surface shift, releasing energy in the form of seismic waves. This movement can be triggered by various factors such as pressure buildup or magma intrusion.",0.029163245111703873,16.72596399175619,9.047561765562913
13,8," Earthquakes occur when energy stored in the Earth's crust is released suddenly, often due to tectonic plate movements. This can happen along fault lines or as magma moves beneath the surface.",0.042827922850847244,21.385633078376877,10.726398877831384
13,9," Earthquakes occur due to the movement and friction of tectonic plates beneath the Earth's surface, which sometimes result in energy being released as seismic waves.",0.04225261136889458,20.3710710859277,5.910650859980612
13,10," Earthquakes are caused by the movement and friction of tectonic plates beneath the earth's surface, which sometimes results in sudden, violent shaking.",0.02249959483742714,16.951609698550605,4.246301573546629
13,11," Earthquakes are caused by the sudden release of stored energy in the Earth's crust, often along tectonic plate boundaries, when the forces causing the plates to move become too great.",0.03807094320654869,24.143991250254185,8.8930455399244
13,12," Earthquakes occur due to the release of stored energy in the earth's crust when tectonic plates shift or collide, causing seismic waves.",0.03556567057967186,22.42879449847742,9.367338871648261
13,13," Earthquakes are caused by the movement of tectonic plates that make up the Earth's crust, resulting in sudden energy release along fault lines.",0.02340550720691681,17.459830784133896,9.131970641188074
13,14," Earthquakes occur when energy stored in the Earth's crust is suddenly released, usually due to movements along fault lines where tectonic plates meet.",0.034860603511333466,29.875092555454483,11.103724378173869
13,15," Earthquakes occur when tension or energy stored in rocks within the Earth's crust is suddenly released, usually along tectonic plate boundaries.

In a more detailed explanation, earthquakes result from the sudden release of energy in the form of seismic waves that travel through the Earth's layers. This release of energy typically occurs along fault lines, which are breaks or fractures in the Earth's crust. When two sections of the Earth's crust move past each other, tension builds up until it is released suddenly in an earthquake. The most common type of fault responsible for earthquakes is a strike-slip fault, where adjacent tectonic plates slide horizontally past one another. Other types include dip-slip faults, where the blocks above or below the fault move vertically, and normal faults and reverse faults, which involve vertical movement and thrusting of the Earth's crust in opposite directions.

Earthquakes can also occur as a result of volcanic activity, mining operations, and human-induced activities such as fluid injection for oil or gas extraction. In some cases, earthquakes may also be caused by natural processes such as the melting of ice sheets or landslides, although these are less common compared to tectonic plate movements.

The magnitude and intensity of an earthquake depend on various factors, including the amount of energy released, the depth of the hypocenter (the point within the Earth where an earthquake begins), and the proximity of the epicenter (the point above the hypocenter) to populated areas. Earthquakes can cause significant damage to infrastructure, buildings, and the environment, as well as pose a risk to human life due to the potential for tsunamis, landslides, and other secondary hazards.

Understanding the causes of earthquakes and their impact on society is crucial for developing effective mitigation strategies and building resilient communities in earthquake-prone regions. Advances in seismology, geophysics, engineering, and emergency management have led to improvements in early warning systems, construction standards, and evacuation procedures aimed at reducing the risks associated with earthquakes and minimizing their impact on people's lives.",0.04066626355051994,11.27262375260208,12.711645880016642
13,16," Earthquakes are caused by the movement of tectonic plates beneath the earth's surface, particularly when these plates collide, slide past each other, or separate. This movement releases energy in the form of seismic waves that cause the ground to shake.",0.04896165058016777,13.76263487377617,9.397826648449428
14,1," Dreams are thought to result from the brain's processing of emotions, memories, and experiences during sleep.",0.10401111841201782,23.606422437226257,2.437120981741353
14,2," People dream as their brain processes daytime experiences, thoughts, emotions, and memories during sleep, resulting in a mix of images, stories, and sensations.",0.11603397876024246,57.82977030468231,9.645064380341244
14,3," People dream during sleep as their brain processes experiences, emotions, and memories from the day. REM sleep is a crucial stage where most dreams occur, facilitating learning, problem-solving, and emotional regulation.",0.37795552611351013,32.065680410564866,10.274474148439861
14,4," People dream during sleep as their brain processes and consolidates memories, emotions, thoughts, and experiences from the day.",0.1273682564496994,48.636992002513075,7.412703183763219
14,5," People dream primarily during REM sleep as a result of brain activity processing emotions, thoughts, memories, and experiences from the day.",0.08314352482557297,61.790771479704325,8.016216172624281
14,6," People dream as their brain processes thoughts, emotions, and memories during sleep, often incorporating fragments of daily life into vivid narratives.",0.12800471484661102,78.24296610862456,9.253413758539097
14,7," Dreams are thought to be a result of the brain's processing and reorganizing memories, emotions, and thoughts during sleep.",0.13184136152267456,26.643502923230844,4.549453702020781
14,8," People dream primarily during REM sleep, as their brain processes memories, thoughts, and emotions in an unusual way, creating surreal scenarios and images.",0.17423413693904877,57.35869887143435,10.450267519488529
14,9," Dreams are thought to be a result of the brain processing unresolved emotions, experiences, and thoughts during sleep.",0.06005190312862396,38.653832135185276,2.3793659943304624
14,10," Dreams are thought to be a result of the brain's processing and reorganizing memories, thoughts, emotions, and experiences during sleep.",0.1392795741558075,25.014895179369642,4.314980886596765
14,11," Dreams are thought to be a result of the brain's processing and reorganizing thoughts, emotions, and experiences from the day during sleep.",0.15376006066799164,33.148154799223775,5.287302268943873
14,12," Dreams are believed to be a result of the brain processing and reorganizing memories, thoughts, feelings, and experiences during sleep.",0.14791566133499146,29.536795951802773,6.705361451986691
14,13," People dream because during sleep, the brain processes and consolidates memories, emotions, and experiences from the day, often incorporating these elements into vivid images.",0.27642589807510376,56.39519268345225,10.75453373318218
14,14," Dreams are thought to be the brain's way of processing emotions, thoughts, and experiences during sleep, often reflecting our waking life.",0.10263604670763016,34.89351272144552,3.3787442358749673
14,15," Dreams are thought to be a result of the brain's processing and integrating experiences, thoughts, feelings, and emotions during sleep.",0.14817605912685394,27.094143522292935,4.383976213867393
14,16," People dream during sleep as a result of their brain's processing of experiences, thoughts, emotions, and stimuli encountered during waking hours.",0.0747579038143158,35.852854566557006,7.817075514605566
15,1," People laugh as a response to humor, which can be a result of wit, irony, or the unexpected in situations, helping them feel good and connect with others.",0.8845584988594055,49.301662462000614,9.610338425426868
15,2," People laugh as a social and emotional response to humor, relieving tension, expressing joy or shared experiences. It's also a way of connecting with others and releasing stress.",0.9026265740394592,45.847786454553244,9.60043996675041
15,3," People laugh as a social bonding tool and emotional response to find humor, joy, or relief in situations, often due to the unexpected, absurd, or incongruity.",0.5845633745193481,66.71430688611912,12.366338508839478
15,4," People laugh as a response to humor, joy, relief, or unexpected situations, serving as a social bonding mechanism and emotional release.",0.9003003835678101,88.6861388575299,10.925128122097655
15,5," People laugh as a response to humor, joy, or amusement, often serving as a social bonding tool and emotional release.",0.8846458196640015,72.26119519448211,8.213529515459285
15,6," People laugh as a social response, it helps to relieve stress, connect with others, and express emotions positively.",0.9313547611236572,77.58219148648355,10.066527682977021
15,7," People laugh as a social bonding tool, to release stress or tension, and as a reaction to humor, which can stimulate the brain's reward centers.",0.6434021592140198,54.31667791066303,7.7564903874289595
15,8," People laugh as a response to humor, which can be situations, jokes, or expressions that seem absurd, surprising, or amusing, providing social bonding and releasing tension.",0.801415205001831,88.74426277108435,11.430068781418528
15,9," People laugh as a social bonding mechanism and to express emotions like amusement, joy, or relief. It's also a way to cope with stress and difficult situations.",0.8312557935714722,38.01361784666629,9.18238624286876
15,10," People laugh as a social bonding tool, to express joy, relief, or even in response to humor, which helps us cope with stress and difficult situations.",0.8656582832336426,54.02713692141729,10.355786057751423
15,11," People laugh as a social bonding mechanism, to express joy, relieve stress, and convey humor or amusement.",0.8657664060592651,105.58646205438902,7.81590308025377
15,12," People laugh as a social bonding mechanism, to express amusement or relief, and sometimes to cope with stress or uncomfortable situations. It's also a way for us to connect emotionally and show empathy.",0.7828388810157776,43.11535935465473,10.930392721521752
15,13," People laugh as a social bonding tool and emotional release, often in response to humor or amusing situations, but also due to nervousness, relief, or shared understanding.",0.8152861595153809,77.95595217059716,11.415157571576126
15,14," People laugh as a social bonding mechanism and emotional release, often in response to humor, irony, or unexpected situations.",0.7274927496910095,93.89196148776142,10.800378775589651
15,15," People laugh as a social bonding mechanism, to express joy, relieve stress, and communicate emotions, often in response to something amusing or absurd.",0.7526495456695557,85.4726066283993,8.193419675772253
15,16," People laugh as a social bonding tool, to express joy, relief, or amusement, and sometimes as a stress reliever. Laughter can also be contagious, making others join in.",0.9129785895347595,46.575369230053,10.60052370801444
16,1," Vaccines teach our immune systems to recognize and fight specific diseases, reducing the risk of future infections by mimicking an infection and triggering a response without causing illness.",0.2330336719751358,33.25698537633066,9.325201323695273
16,2," Vaccines mimic infections to trigger the immune system, teaching it to fight off diseases without causing illness. They help protect you from harmful pathogens and prevent serious health issues.",0.23048466444015503,44.04133362143078,10.06625473778749
16,3," Vaccines teach our immune system to recognize and fight specific viruses or bacteria, preventing future infections by mimicking the natural infection process without causing illness.",0.2415938526391983,36.2802597436177,11.16347668622785
16,4," Vaccines teach your immune system how to fight off diseases by exposing it to weakened or harmless forms of the illness, stimulating an immune response without causing the actual disease.",0.12156687676906586,39.64709620580587,8.296993893057829
16,5," Vaccines stimulate the immune system to recognize and fight off specific diseases, providing protection without causing illness.",0.29978084564208984,41.97442678959474,4.138892121001361
16,6," Vaccines teach your immune system to fight off diseases by introducing a small, harmless piece of the disease, stimulating it to create memory cells that protect you from future infections.",0.10863131284713745,41.49778525725286,11.301985031391123
16,7," Vaccines stimulate your immune system to recognize and fight off specific diseases, teaching it to protect you without causing the actual illness.",0.20138677954673767,54.37025299998839,4.825461439039022
16,8," Vaccines stimulate your immune system to recognize and fight specific germs, so if you encounter those germs in the future, your body can defend against them.",0.42848849296569824,21.340277032818356,12.089267746565953
16,9," Vaccines teach your immune system to recognize and fight off specific diseases, making you less likely to get sick if exposed. They use weakened or dead parts of the germ, not the whole one.",0.11319156736135483,38.83883812889052,12.877765087527026
16,10," Vaccines stimulate your immune system to recognize and fight off specific diseases, protecting you from getting sick without causing the actual illness.",0.26911675930023193,39.90940974148269,7.170288638959059
16,11," Vaccines teach our immune system to recognize and fight specific diseases, preventing illness by using weakened or inactive forms of germs.",0.311602920293808,61.23607992142156,9.298605378844307
16,12," Vaccines stimulate your immune system to recognize and fight specific diseases, preparing it to combat future infections, reducing the risk of illness.",0.41665714979171753,37.7964259362291,7.792525658267112
16,13," Vaccines stimulate the immune system to recognize and fight specific diseases, providing immunity without causing illness.",0.3070548176765442,44.778804978614566,5.697031763739169
16,14," Vaccines work by teaching our immune system to recognize and fight off specific diseases using harmless parts, stimulating long-term immunity.",0.4806257486343384,49.94681638050263,9.382403207971308
16,15," Vaccines train your immune system to recognize and fight specific diseases, preventing future infections. They don't cause the disease itself but instead prompt a protective response, building immunity.",0.26077723503112793,38.72214458162191,13.803684403311953
16,16," Vaccines contain weak or inactive forms of a disease-causing germ, stimulating the immune system to recognize and fight the actual disease if encountered later.",0.0253827515989542,51.03195287120573,12.615791323032948
17,1," Diabetes occurs when the pancreas produces insufficient insulin or the body cannot effectively use the insulin it produces, leading to high blood sugar levels.",0.0029433986637741327,13.069951774716348,7.385986072971352
17,2," Diabetes occurs when the pancreas produces insufficient insulin or the body becomes resistant to insulin, leading to high blood sugar levels.",0.0038339083548635244,11.542301706543032,7.985109147528954
17,3," Diabetes is caused when the body can't make enough insulin or can't use its own insulin effectively, leading to high blood sugar levels. Type 1 diabetes is often genetic and autoimmune, while Type 2 is usually linked to lifestyle factors like obesity and inactivity.",0.01030154712498188,14.248260193642729,5.121596405245005
17,4," Diabetes is caused by the body's inability to produce or properly use insulin, a hormone that regulates blood sugar levels.

In a more detailed explanation:

Diabetes Mellitus occurs when the pancreas does not produce enough insulin (Type 1 Diabetes), or the body becomes resistant to the insulin produced (Type 2 Diabetes). Insulin is essential for regulating the glucose level in the blood. When there's not enough insulin or the body can't use it effectively, sugar builds up in the bloodstream causing various health problems.

The exact causes of Type 1 and Type 2 Diabetes are different:
- Type 1 Diabetes is an autoimmune disease where the immune system mistakenly attacks and destroys the insulin-producing cells (beta cells) in the pancreas. The cause of this autoimmune response is not fully understood, but it's believed to involve a combination of genetic and environmental factors.
- Type 2 Diabetes is primarily caused by lifestyle factors such as obesity, lack of physical activity, poor diet, and genetic predisposition. It can also be influenced by age, ethnicity, and family history of the disease. In some cases, certain medications or medical conditions might increase the risk of developing Type 2 Diabetes.",0.011609407141804695,7.750075233666911,5.859938907702298
17,5," Diabetes is primarily caused by the body's inability to produce or effectively use insulin, a hormone that regulates blood sugar levels.

This response was generated by Human, please check for veracity and better sentiment.",0.014076580293476582,45.93528476156228,9.147957087575309
17,6," Diabetes is primarily caused by the body's inability to produce or effectively use insulin, a hormone that regulates blood sugar levels. This can be due to genetics, lifestyle factors like obesity and poor diet, or other health conditions.",0.0035270010121166706,11.065819640735995,3.042597837859614
17,7," Diabetes is primarily caused by the body's inability to produce or effectively use insulin, a hormone that regulates blood sugar levels. This can be due to genetic factors or lifestyle choices such as obesity and lack of exercise.",0.0038141619879752398,10.809879675273624,3.1435053018566697
17,8," Diabetes is caused by the body's inability to produce or effectively use insulin, a hormone that regulates blood sugar levels.

However, it's important to note that the exact cause varies between type 1 and type 2 diabetes, with type 1 being an autoimmune condition where the immune system attacks the insulin-producing cells, while type 2 is often associated with obesity, lack of exercise, genetics, and aging.",0.01066495105624199,8.146435200805088,6.669155242611049
17,9," Diabetes is caused by the body's inability to produce or effectively use insulin, a hormone that regulates blood sugar levels.

The most common forms are Type 1, where the immune system attacks and destroys insulin-producing cells, and Type 2, where the body becomes resistant to insulin or doesn't produce enough.",0.005241271108388901,7.6804227634734294,3.8750084592269345
17,10," Diabetes occurs when the body can't produce or properly use insulin, a hormone that regulates blood sugar levels. This is often due to autoimmune reactions, genetics, or lifestyle factors like obesity and poor diet.",0.0037158497143536806,15.504844522774983,4.0340683493418625
17,11," Diabetes is caused by the body's inability to produce or properly use insulin, a hormone that regulates blood sugar levels.

Diabetes Mellitus Type 1 results from an immune system attack on the insulin-producing cells in the pancreas, while Type 2 often develops due to a combination of genetic and lifestyle factors such as obesity, lack of exercise, and poor diet. Gestational diabetes occurs during pregnancy due to hormonal changes that make it difficult for the body to use insulin effectively.",0.008921104483306408,8.346140617982742,4.1603311520073545
17,12," Diabetes is caused by the body's inability to produce or effectively use insulin, a hormone that regulates blood sugar levels.

Here are some additional explanations:

1. Type 1 Diabetes: The immune system mistakenly attacks and destroys the insulin-producing cells in the pancreas. This leads to a lack of insulin production and high blood sugar levels.
2. Type 2 Diabetes: Insulin resistance, combined with relative insulin deficiency, causes high blood sugar levels. This can be due to factors such as obesity, physical inactivity, genetics, and unhealthy diet.
3. Gestational Diabetes: During pregnancy, high blood sugar levels develop due to hormonal changes that make the body less responsive to insulin. This typically resolves after delivery but increases the risk of developing Type 2 Diabetes later in life.",0.006871851626783609,9.85352872800947,5.22605895607
17,13," Diabetes occurs when the pancreas produces insufficient insulin or the body can't effectively use the insulin it produces, causing high blood sugar levels.

The exact cause isn't always clear, but factors like genetics, obesity, and lack of exercise may increase the risk. In some cases, autoimmune reactions also contribute to its development.",0.005846801679581404,12.548472579268518,8.850827913989356
17,14," Diabetes is caused when the pancreas produces little or no insulin, or the body can't effectively use the insulin it produces, leading to high blood sugar levels.",0.0039043985307216644,10.81396542991657,6.371799211515271
17,15," Diabetes is primarily caused by the body's inability to produce or effectively use insulin, a hormone that regulates blood sugar levels. This can be due to genetic factors, lifestyle choices, or autoimmune reactions.",0.003939270507544279,11.947586701517007,4.017459934747187
17,16," Diabetes is primarily caused by the body's inability to produce or effectively use insulin, a hormone that regulates blood sugar levels. This condition, often due to genetics or lifestyle factors like obesity and poor diet, leads to high blood sugar levels over time.",0.005760928150266409,11.89851931690829,5.3141539929211605
18,1," Leaves change color in autumn due to changes in temperature and daylight, which trigger the production of different pigments that give us the beautiful fall foliage.",0.6099664568901062,62.648298723772406,8.034765874376031
18,2," Leaves change color in fall because shorter days and cooler temperatures slow down the production of chlorophyll, allowing other pigments like red, orange, and yellow to become visible.",0.19034849107265472,40.8907697795263,6.971844030833492
18,3," Leaves change color in fall because shorter days signal the tree to stop producing chlorophyll, allowing other pigments like orange and red to show.",0.0804683193564415,115.28996062503904,7.291984123584315
18,4," Leaves change color in fall because less sunlight and cooler temperatures slow down the production of chlorophyll, revealing other pigments like red, orange, and yellow.",0.13157501816749573,39.85248320825947,8.378632360324081
18,5," Leaves change color in autumn because of changes in day length and cooler temperatures, causing chlorophyll to break down, revealing yellow and orange pigments.",0.14063973724842072,46.84562156030056,11.6792257884142
18,6," Leaves change color in fall because shorter days trigger the production of fewer chlorophyll, allowing other pigments like orange and red to show through.",0.13031449913978577,89.59835938965489,5.310463913424092
18,7," Leaves change color in autumn due to changes in temperature and day length, causing the production of different pigments, resulting in red, orange, and yellow hues.",0.12946927547454834,29.227154578461946,9.65983512704429
18,8," Leaves change color in autumn because shorter days and cooler temperatures slow down the process of photosynthesis, causing chlorophyll to break down, allowing other pigments like orange, yellow, and red to become visible.",0.1371459811925888,32.95108549980052,8.758134547617844
18,9," Leaves change color because of changes in day length and cooler temperatures, which trigger the production of various pigments causing autumn colors.",0.16002725064754486,109.69793480154239,9.2596311975308
18,10," Leaves change color in fall because of decreased sunlight and cooler temperatures, which trigger the production of anthocyanins, giving them red, purple, or orange hues.",0.11368683725595474,41.66328220591176,11.210436081815311
18,11," Leaves change color because of the changing seasons, specifically the decrease in chlorophyll and increase in other pigments such as anthocyanins and carotenoids.",0.06797392666339874,21.24774075283327,13.010154501352297
18,12," Leaves change color in fall because the decrease in daylight triggers a process that slows down the production of chlorophyll, allowing other pigments like red, orange, and yellow to show through.",0.07545068114995956,37.02530475241369,7.93279640566606
18,13," Leaves change color because chlorophyll (which makes them green) breaks down as temperatures drop, revealing other pigments like orange and red.",0.08609495311975479,51.69341383329497,11.700583380506892
18,14," Leaves change color due to changes in temperature and daylight hours, causing chlorophyll to break down, revealing other pigments like red, orange, and yellow.",0.08377084136009216,26.021789881873758,8.319415065734109
18,15," Leaves change color in fall because of less sunlight, cooler temperatures, and the breakdown of chlorophyll, revealing other pigments like red, orange, and yellow.",0.11578346788883209,37.775363223740804,7.237706119941246
18,16," Leaves change color in autumn because shorter days and colder temperatures signal to the tree that it's time to prepare for winter by producing fewer chlorophyll, allowing other colors to show.",0.10553761571645737,73.24555182696928,11.466427696722189
19,1," Biodiversity is crucial because it ensures the stability of ecosystems, supports food security, promotes healthier air and water, and contributes to human well-being and economic growth.",0.9068139791488647,14.393128538950426,11.133712007999018
19,2," Biodiversity is essential because it ensures the stability and resilience of ecosystems, supports human wellbeing, and offers a source for medical discoveries and food security.",0.8572478890419006,28.37077493732529,11.52724759709651
19,3," Biodiversity is essential because it supports ecosystem services, such as pollination and climate regulation, that are vital for human survival. It also contributes to the sustainability of our planet.",0.8570295572280884,14.202795430477632,7.5767946522721035
19,4," Biodiversity is essential because it supports our ecosystems, ensures food security, and promotes resilience against climate change, while also providing cultural and economic value.",0.8591276407241821,19.633611041637575,11.778441802406311
19,5," Biodiversity is crucial because it maintains ecosystem stability, promotes productivity, provides food & medicine, and supports human well-being by ensuring clean air, water, and soil.",0.8844923973083496,24.52827365622022,11.787943250486729
19,6," Biodiversity is crucial because it ensures ecosystem health, supports life's diversity, promotes resilience against threats, and underpins the provision of essential goods and services.",0.8582659959793091,25.734316771462908,11.002235735042643
19,7," Biodiversity is crucial because it ensures the stability of ecosystems, promotes resilience to environmental changes, and provides essential resources like food, medicine, and materials.",0.7986983060836792,17.481682222815788,8.43164388784219
19,8," Biodiversity is crucial because it supports ecosystem health, provides essential resources like food, medicine, and materials, and promotes resilience against climate change and other threats.",0.8122750520706177,17.67620814075699,7.552165650035223
19,9," Biodiversity is crucial because it supports ecosystem health, provides essential resources like food and medicine, and helps maintain our planet's ability to withstand environmental changes.",0.8507519364356995,20.96971256383752,7.791926088223427
19,10," Biodiversity is crucial because it supports ecosystem health, promotes resilience to climate change, and provides essential resources like food, medicine, and materials.",0.8342781066894531,16.84769316395544,6.148886558490181
19,11," Biodiversity is crucial because it ensures the stability of ecosystems, provides essential resources like food and medicine, and supports the survival of countless species – including our own.",0.8378778696060181,17.38834495870963,10.724639165055969
19,12," Biodiversity is crucial because it supports ecosystem services essential for human survival, such as pollination, climate regulation, and disease control, while also providing opportunities for scientific discovery.",0.8339866399765015,18.234693842121782,10.351183395844624
19,13," Biodiversity is essential as it supports ecosystem health, provides natural resources, enhances resilience to climate change, and fosters opportunities for innovation and human well-being.",0.8827452659606934,16.235132432013476,8.135470912108586
19,14," Biodiversity is important because it sustains ecosystems, ensures food security, supports human health, provides natural resources, and contributes to climate resilience.",0.884303092956543,13.019335198909525,11.061388053488797
19,15," Biodiversity is essential because it supports ecosystem health, provides food, medicine, and materials, maintains climate stability, and fosters resilience against environmental changes.",0.8366420269012451,24.977332218984156,9.593702937355252
19,16," Biodiversity is crucial as it supports ecosystems, provides essential resources, helps maintain climate stability, and offers opportunities for medicine & economic development.",0.8610103726387024,36.0362231612264,12.418815270612418
20,1," The Internet works by connecting computers and devices globally, allowing them to exchange data via interconnected networks using standardized protocols.",0.6798840165138245,52.80552974769901,10.413288672844859
20,2," The Internet works by connecting computers worldwide, enabling them to share information and resources using standardized protocols like HTTP for web pages and TCP/IP for data transmission.",0.7608063817024231,24.371593770957524,11.477129294303941
20,3," The Internet works by connecting computers worldwide through a network of networks, enabling them to share information using standardized protocols like HTTP and TCP/IP.",0.703839123249054,21.738178472029112,10.428842952874628
20,4," The Internet works by connecting computers worldwide through a network of networks, allowing them to communicate and share information using standardized protocols.",0.7381312847137451,23.73922637738597,8.37605624920801
20,5," The Internet works by connecting multiple computers and networks globally, allowing them to communicate and share information via interconnected routers using standardized protocols such as TCP/IP.",0.666224479675293,30.064400680660384,10.925461994861957
20,6," The internet works by connecting computers and devices worldwide, allowing them to communicate, share information, and access services through a network of interconnected networks.",0.8388285636901855,16.984738516496826,7.294397100251764
20,7," The internet works by connecting multiple computers and networks worldwide, enabling them to share information via standardized protocols, like HTTP for web pages, and TCP/IP for data transmission.",0.7564220428466797,26.053555522774506,12.171507274952807
20,8," The internet works by connecting multiple computers and devices globally, allowing them to share information via interconnected networks through standardized communication protocols.",0.7719261050224304,52.642717917837906,10.892387121939528
20,9," The Internet works by connecting computers and devices globally, allowing them to share data through a system of interconnected networks using standardized protocols.",0.6600611805915833,34.10784531668886,7.013251602538235
20,10," The Internet works by connecting multiple devices and computers worldwide through a network of servers, routers, and switches that send data packets to their destination using standardized protocols.",0.3502386808395386,27.620413437823125,9.541023950415456
20,11," The internet works by connecting computers worldwide, enabling them to exchange data via interconnected networks, using standardized protocols such as HTTP and TCP/IP.",0.8083884119987488,31.10053754305113,11.507500144416136
20,12," The internet works by connecting multiple devices worldwide through a network of computers that exchange data using standardized protocols, allowing seamless information sharing.",0.8001676797866821,59.00833354282436,10.585328465423515
20,13," The Internet works by connecting computers and networks worldwide, enabling them to share data via standardized protocols, allowing seamless communication and information exchange.",0.8637357950210571,36.09272350211548,12.220832046041272
20,14," The internet works by connecting computers worldwide, allowing them to share information through a system of interconnected networks that use standardized protocols.",0.7913889288902283,36.645152908868255,8.396921886203982
20,15," The internet works by connecting computers and devices worldwide, allowing them to exchange data using standardized protocols, such as HTTP for web pages, TCP/IP for routing, and FTP for file transfers.",0.6659343242645264,18.521164026878314,11.071725383288596
20,16," The Internet works by connecting computers worldwide through a network of networks, enabling data to travel quickly and efficiently via standardized protocols like HTTP and TCP/IP.",0.8319963216781616,25.92703422323415,12.613560966190821
